Tweet_userID,Tweet_movieID,Tweet_rating,Tweet_timestamp
130353272,1307068,10,1522902075
348779441,7043176,8,1522901127
145792727,6470762,6,1522900426
110489821,6644200,10,1522899991
28759894,1584016,7,1522899766
364609596,2406566,5,1522899076
31220726,5133308,6,1522898034
4610553696,6684714,8,1522898011
1176473196,5580390,6,1522897970
69589989,5580390,7,1522896889
2793296237,87262,6,1522896087
21277420,471042,8,1522896042
32272478,7332088,9,1522895744
1128646459,70735,10,1522895389
14070248,1001526,6,1522894974
1016081797,211915,10,1522894897
439405364,70735,8,1522894149
239615275,6063050,6,1522894133
4409447307,57012,10,1522892917
344495405,183649,8,1522892397
8.49776E+17,73486,10,1522891861
389017652,6878038,7,1522891667
134531120,2194499,8,1522891630
1443569965,1649419,8,1522891454
357776967,2557478,8,1522891076
752543646,108903,10,1522890619
1686763728,5776858,7,1522889171
636709057,1590193,7,1522889043
542504087,83658,5,1522889029
8.92009E+17,800369,7,1522888251
3745498034,56663,10,1522887731
252303783,460649,9,1522887438
2166763838,2798920,8,1522886576
8.48194E+17,1285016,8,1522886541
20831584,2699128,10,1522886040
480890995,1542344,2,1522884808
342514044,829482,7,1522884671
7.09867E+17,6524874,8,1522884100
80917504,1677720,8,1522882949
1136818256,4555426,10,1522882811
45157085,3348730,6,1522882681
7.3238E+17,6788316,8,1522882631
325193360,3501632,8,1522882492
540339589,111495,10,1522882206
2167855030,5027774,7,1522881921
707647684,1485796,10,1522881886
2299466682,88184,8,1522881556
501739257,3881784,7,1522881546
66558253,8235594,10,1522881430
545733684,2283362,8,1522880985
36988769,6116060,8,1522880447
214620512,2239822,6,1522879988
2180530390,1937339,10,1522879853
268533742,6644200,9,1522879570
516973945,6294822,7,1522879465
533238154,5914996,10,1522879263
169934241,5635086,8,1522877624
44567386,3748172,8,1522877557
14070248,1677720,8,1522877505
90504814,6294822,6,1522877375
390337415,6464532,9,1522876851
25574007,5027774,9,1522875988
76771714,5776858,10,1522875772
9.16682E+17,1596363,7,1522875609
398658773,6644200,8,1522875422
269893987,3501632,7,1522875274
87211459,4912028,8,1522875089
1111960176,5580390,7,1522875084
271460518,7386406,8,1522874836
377984693,6644200,7,1522874653
390337415,6741956,8,1522874375
9.50317E+17,5294550,7,1522874369
86427477,1540133,5,1522874133
1344039570,2798920,5,1522873981
229985772,1939659,5,1522873355
7.09867E+17,5174792,8,1522873249
163769905,2380307,8,1522872851
50443859,5013056,9,1522872431
114339343,1590193,9,1522872068
50851165,1433108,8,1522871409
8.77915E+17,1485796,10,1522871056
248270591,5808778,10,1522870917
390337415,7183072,9,1522870843
166271359,4089754,10,1522869985
14401987,419706,5,1522869846
533807874,81505,3,1522869651
29186622,5301662,7,1522869586
4738161262,4610378,6,1522869487
406893591,5714402,9,1522869460
7.25381E+17,38650,10,1522869229
7.78651E+17,6653454,9,1522866369
740052092,7209620,8,1522866015
740052092,7209616,7,1522865998
401428652,1677720,5,1522865950
4144830724,1798709,5,1522865651
50851165,113497,8,1522865091
50851165,2283362,8,1522865066
2276032267,5027774,8,1522864450
9.56399E+17,1454029,10,1522864135
256871815,6118732,7,1522863810
406893591,110322,7,1522863575
1386279391,3411444,6,1522862513
8.11917E+17,276751,6,1522862201
1657161973,6653454,10,1522862134
395251108,5294550,7,1522862039
53712770,4025514,8,1522861933
1180099964,2084970,6,1522861712
324726205,1485796,9,1522861654
38216367,367882,7,1522861513
151837001,6524350,8,1522860445
406923876,6336356,6,1522859169
576995601,1677720,6,1522858154
76771714,278731,7,1522857885
76771714,116209,7,1522857762
731776538,264464,10,1522856850
707733574,1984119,8,1522856766
426099732,6423886,6,1522856611
344688035,1677720,8,1522856433
250711809,1590193,6,1522856238
70344806,5294550,7,1522856062
121693210,6644200,9,1522854649
47645336,5923026,7,1522854536
522540374,2011311,6,1522854081
1306096704,2011311,6,1522854074
2719056690,1314655,7,1522854019
348687890,3501632,6,1522853648
116154122,56444,10,1522852269
224289047,2283362,8,1522852069
106636156,1485796,7,1522851691
506003672,480827,7,1522850960
506003672,167988,7,1522850885
506003672,168070,7,1522850865
506003672,6663828,8,1522850812
73406589,1136608,5,1522850286
250711809,65134,7,1522850160
709327282,1389072,2,1522848787
945600703,2121962,10,1522846450
43349934,5134870,7,1522844705
104500211,4209788,6,1522844636
142305414,1291566,7,1522843892
2201253550,6182174,8,1522843834
142305414,6303866,7,1522843726
1132019796,1411697,7,1522842997
1132019796,1119646,8,1522842980
206415385,2467046,1,1522841111
8.71067E+17,1485796,10,1522840497
252034851,6294822,8,1522840428
2919534270,1677720,5,1522837549
370481007,5011816,9,1522836365
329334125,6644200,9,1522836156
512880665,1371111,8,1522836015
1480538665,202434,10,1522834373
78784977,5058700,10,1522832705
37017446,2531344,7,1522832342
8.80293E+17,3521126,5,1522831892
480318377,1464763,6,1522831550
220382698,1959563,9,1522831177
1678341841,4179804,7,1522830842
1678341841,4179798,6,1522830711
3345799105,4209788,8,1522829412
9.37782E+17,6686874,9,1522829316
2425056682,2582802,8,1522828960
104782248,2380307,7,1522826901
26959381,1677720,9,1522826277
517061947,1113829,9,1522825634
23432277,2557478,6,1522825151
9.37782E+17,6463874,8,1522825136
1686763728,6257970,4,1522824040
1686763728,2283362,7,1522823984
78784977,5710978,10,1522823978
1686763728,467200,8,1522823939
392219850,8110630,10,1522820062
77883286,6324158,8,1522819734
77883286,6140708,9,1522819722
77883286,6140706,7,1522819688
77883286,6186218,9,1522819657
42242731,1441395,9,1522819321
732152605,69097,9,1522818650
112603653,1677720,10,1522817012
130353272,1428538,10,1522816659
8.24151E+17,1255953,10,1522816354
1480538665,227858,8,1522815588
1480538665,226737,10,1522815565
71667445,1677720,7,1522815033
1480538665,5742374,8,1522814900
1881456794,6644200,9,1522814176
22832104,4209788,8,1522813769
22832104,1590193,6,1522813745
22832104,5181852,3,1522813722
22832104,4291600,8,1522813698
49199103,1677720,8,1522813582
356660164,4686844,7,1522813444
611467244,5104604,8,1522812950
221498648,1590193,4,1522812421
42242731,1714206,8,1522812024
118296947,2557478,5,1522811376
29244804,2527336,7,1522811331
480890995,3799694,5,1522811050
298566448,62622,10,1522810738
532582706,5726616,5,1522808878
2873307780,2708480,8,1522808658
925815223,2557478,4,1522807678
925815223,1663662,7,1522807560
3019127588,3462710,6,1522807457
269024534,59554,7,1522807101
59267065,1677720,4,1522806599
97962337,424205,8,1522806059
58845431,6999068,7,1522805307
1887649387,1413492,6,1522805284
806961770,5729348,5,1522804673
1001583602,1677720,9,1522804505
25910853,1836037,8,1522804343
118296947,1825683,7,1522803156
276717499,5618256,9,1522803140
392353083,7689960,9,1522803088
3001512727,99077,7,1522803048
358935074,1853728,9,1522802429
142300995,5074352,7,1522802320
344688035,2873282,7,1522802289
42242731,4468634,7,1522802213
42242731,2903370,3,1522802181
2901754385,6182158,9,1522801955
58845431,7804132,7,1522801562
137621988,1645170,5,1522801257
540339589,111507,9,1522800617
8.26506E+17,3401882,10,1522800063
1104132560,4276820,6,1522799048
46265146,4124758,10,1522798250
7.09867E+17,2034058,7,1522798175
9.05944E+17,5071412,5,1522797872
155993998,851578,9,1522797535
272388602,1590193,10,1522797493
160653702,2403021,7,1522797278
898888866,5013056,5,1522797007
116534329,5104604,8,1522795996
9.3837E+17,5715874,5,1522795989
7.69817E+17,6470478,7,1522795621
7.25381E+17,105236,10,1522795442
7.57665E+17,1485796,7,1522795265
2600524177,2879552,5,1522795168
168628223,5638642,7,1522794473
1976471618,2395427,5,1522794464
506003672,92099,4,1522793614
3173463026,1615160,5,1522793428
45837344,1677720,4,1522793422
331560468,1666185,6,1522793280
3939508395,8216266,10,1522792871
123284050,1677720,9,1522792469
2778281480,1663662,6,1522792286
1028269920,112913,9,1522792282
51780170,1677720,10,1522791747
2345746931,1677720,9,1522791440
22709169,5104604,9,1522790872
86427477,2234003,6,1522790396
243266040,3707104,6,1522790254
90367782,5104604,7,1522790229
21349590,2239822,8,1522789902
387253060,1677720,8,1522789275
7.07213E+17,6866338,8,1522789005
79546672,90729,5,1522788948
190433639,5825380,10,1522788844
3309067706,361862,7,1522788162
539775876,4758646,5,1522788135
20132782,3704050,7,1522788073
1881456794,5104604,9,1522787946
363853315,6777338,7,1522787624
387034994,1677720,8,1522787529
183310367,1772250,7,1522787041
25574533,5580540,7,1522786875
8.29094E+17,4925292,4,1522786666
3092850218,62622,7,1522786323
351741352,2873282,7,1522786027
4125044157,1553656,7,1522785320
30589555,4473996,8,1522785231
347400196,1485796,7,1522785053
38637284,1386691,7,1522784680
331560468,2872718,9,1522784435
23579182,6461824,8,1522783866
100020123,98878,10,1522783415
7.25381E+17,5776858,9,1522783328
23098161,4126438,7,1522783248
4523633475,2788432,10,1522782967
79546672,1219827,6,1522782536
86427477,4494718,6,1522781725
82455134,4643084,8,1522781196
43349934,5168736,6,1522780570
3019881954,5776858,9,1522780437
366453976,2007427,9,1522779965
366453976,2285551,8,1522779891
366453976,456071,7,1522779814
366453976,467404,8,1522779796
366453976,425112,8,1522779773
366453976,863075,9,1522779699
366453976,409994,9,1522779685
366453976,268324,9,1522779673
366453976,299768,8,1522779564
366453976,432815,9,1522779526
366453976,321744,8,1522779474
366453976,268224,8,1522779454
937222848,6468322,9,1522779133
14401987,327162,6,1522778908
150776241,1677720,8,1522778356
223374751,1365519,7,1522778009
221731825,108160,8,1522777472
46330948,1413492,8,1522776739
1582623330,1341167,8,1522776686
8.40905E+17,5109784,8,1522776461
9.11735E+17,306414,9,1522776317
1650655980,7332088,,1522775665
400056778,1677720,8,1522775286
256871815,1677720,9,1522774140
853139083,1659337,8,1522773845
1492412479,110322,6,1522773080
220382698,1392214,8,1522772821
14610275,5829040,6,1522772092
250711809,1658801,6,1522771040
8.92945E+17,1951264,9,1522770748
29413015,6644200,9,1522770160
14147989,81677,2,1522769930
447602528,125510,5,1522769534
127757463,5931652,10,1522769082
8.92945E+17,1392170,7,1522769052
1365134642,4227538,10,1522768802
2362974104,5726616,7,1522768707
7.53516E+17,974015,8,1522768212
493836197,4799064,,1522768181
8.79701E+17,5027774,7,1522767807
348779441,6333060,8,1522767229
53930437,5439796,7,1522767197
332673675,1677720,8,1522767159
53930437,112442,7,1522766987
53930437,401792,9,1522766921
250711809,6337116,7,1522763367
2425056682,1049413,7,1522762808
352374392,1365519,9,1522762450
1386279391,2283362,1,1522762066
493836197,4995790,,1522761673
28759894,5962210,8,1522761340
50616683,3402236,9,1522761106
39660479,2283362,8,1522760903
1111960176,5726616,7,1522760853
406893591,5884230,6,1522760631
3165618368,2575988,5,1522760307
590048497,8089526,10,1522760127
83891920,4209788,8,1522759142
2351138963,3521126,10,1522757028
2802237280,106519,8,1522756921
3646195274,7167602,7,1522756743
2173774036,5618256,10,1522756389
592549401,1570728,7,1522755706
2201253550,6182158,9,1522755148
2997849703,6294822,6,1522754354
206415385,1294688,4,1522753014
1678341841,4179776,6,1522752974
1678341841,4179772,6,1522752808
241681339,3205802,9,1522751140
270867292,5580036,8,1522749161
2616315888,120737,9,1522748432
634011369,5462886,7,1522746279
70111593,1677720,6,1522745028
1678341841,4179760,5,1522744022
898888866,3042408,8,1522743719
43349934,6186970,7,1522743200
2323784277,1241317,8,1522742890
392219850,1856010,10,1522742795
9.37782E+17,6463872,9,1522741072
1128646459,697790,10,1522740752
9.48494E+17,816692,8,1522738807
45157085,6474378,8,1522737521
9.37782E+17,6463866,10,1522736875
15211025,5580036,8,1522736640
1240810410,4986098,6,1522735682
2778281480,2798920,7,1522734939
191213471,1366321,8,1522733751
1496558082,5657856,8,1522733623
2376316149,5580036,7,1522732804
2376316149,5109784,4,1522732586
1823918413,110912,9,1522731857
1573084326,3317234,6,1522730021
130353272,2823054,10,1522729396
1002559590,21749,5,1522727572
28759894,66763,7,1522726440
1549284674,6155194,5,1522726355
620953,83722,7,1522726249
93930099,4547194,8,1522725761
60909762,5104604,7,1522725579
2841661915,3498820,9,1522724661
146861274,4486986,5,1522724401
253803673,6155194,7,1522724150
3383703574,1677720,10,1522724143
31220726,6560144,8,1522724047
476777484,1853728,10,1522721537
2940936534,1485796,10,1522720890
24350616,6059074,5,1522720776
40393966,6873658,9,1522719196
295138201,1677720,7,1522719028
26330220,1485796,7,1522718860
565454184,6336356,8,1522718693
238510993,3521126,7,1522717994
2793296237,1293847,7,1522716396
2873307780,1961175,7,1522715654
2873307780,6226232,6,1522715608
357776967,5314118,5,1522714765
222797981,3416744,8,1522714451
248784182,6644200,8,1522714054
325193360,1590193,7,1522713426
126927898,1285009,4,1522713068
126927898,2366608,2,1522713042
268706986,1469304,6,1522712023
448019362,4633690,6,1522711380
38637284,2649554,5,1522711048
608762905,1464540,7,1522710677
3229108165,1226273,7,1522710641
541602516,113277,8,1522710440
206415385,3501632,8,1522710355
25995522,1313104,9,1522710023
7.09867E+17,377610,7,1522709824
1179581479,3402236,2,1522709789
359530862,1285009,6,1522709364
1402231387,6644200,9,1522709245
414128682,780504,7,1522709127
9.37782E+17,6337116,9,1522709087
1119917773,1038686,7,1522709041
15177439,72226,9,1522709015
117760694,5052448,6,1522708904
449641757,79945,7,1522708759
2607007634,7048622,8,1522708456
545733684,5109784,4,1522708415
1119917773,3896198,9,1522708334
1119917773,2015381,9,1522708318
8.6461E+17,2380307,8,1522708211
43509270,1677720,6,1522708204
1496558082,6265828,8,1522708111
501739257,454848,7,1522707859
161609292,1959563,7,1522707723
2713381828,2798920,6,1522707231
201867527,5027774,8,1522706933
390337415,6135658,8,1522706434
1599453278,3278330,3,1522705648
3843011537,2380307,8,1522705564
1599453278,3702652,4,1522705555
3116365408,1677720,9,1522705172
90959348,5753856,5,1522705060
42742362,1677720,8,1522705055
364194483,5109784,2,1522704638
328320865,6729080,8,1522704604
328320865,3253930,7,1522704589
328320865,429493,7,1522704571
277176570,6538456,8,1522704081
106636156,5580036,7,1522703931
16933097,1677720,7,1522703779
310239134,1049413,9,1522703775
1193197579,86979,9,1522703769
257611566,5117670,6,1522703284
257611566,5726086,5,1522703271
407421227,1677720,8,1522702882
432287925,5027774,10,1522702803
316583600,3411444,6,1522702706
1480364526,274812,10,1522702563
1128646459,697655,10,1522702490
9.51777E+17,119174,10,1522702306
1678341841,4179742,6,1522702238
132848687,2704998,8,1522702034
197127865,1615160,8,1522701970
219070660,5580036,7,1522701778
968074370,5059406,1,1522701765
219070660,6294822,8,1522701722
219070660,4610378,7,1522701685
1071853069,2527336,5,1522701658
968074370,5052448,8,1522701656
3347982679,1590193,8,1522701612
2803147154,6360834,8,1522701431
375717752,3727662,7,1522701377
491194309,6021900,7,1522701157
8.2646E+17,6018306,8,1522701107
76008729,6958022,9,1522700983
15177439,7133092,8,1522700903
220437780,4209788,8,1522700554
8.14044E+17,102926,9,1522700541
309835392,3317234,7,1522700514
309835392,6097798,10,1522700485
61198177,5519340,8,1522700158
2782712332,401792,7,1522699996
79546672,2250912,6,1522699893
2380599406,172493,5,1522699844
170977426,2090465,7,1522699782
14401987,446476,4,1522699649
1446936253,2283362,7,1522699648
137621988,1937149,9,1522699471
229985772,1734493,6,1522699404
123284050,2381111,8,1522699325
65111663,4714782,7,1522699154
65111663,5104604,8,1522699089
9.51812E+17,1375666,6,1522698997
110177019,1677720,5,1522698411
491194309,4494718,6,1522698053
61198177,2798920,8,1522697791
605038799,1485796,9,1522697760
2201253550,6337116,7,1522696999
192395572,1677720,7,1522696794
21643377,43014,8,1522696649
7.15624E+17,1798709,8,1522696535
4121173090,6337116,9,1522695998
283335575,6155194,1,1522695836
20907046,409459,7,1522695273
206386066,6644200,7,1522695158
111292750,4986098,5,1522694951
229985772,6247936,5,1522694867
7.09867E+17,343175,9,1522694692
9.26877E+17,3327994,10,1522694531
7.51743E+17,2106476,9,1522694283
578925761,1677720,9,1522694222
20550230,6274614,9,1522693799
169934241,1677720,5,1522693576
1492412479,131369,5,1522693390
153549613,84827,7,1522692916
1169674236,1677720,10,1522692674
1193197579,2057392,7,1522692313
256582185,3402236,5,1522692058
84004641,343818,9,1522691717
407421227,2531344,7,1522691416
123284050,1862079,8,1522691058
212932766,1825683,7,1522690246
9.07999E+17,6769208,10,1522690131
7.74657E+17,70909,9,1522689956
71667445,4686844,5,1522689500
233251101,2582846,10,1522689351
60909762,840361,8,1522688966
8.9566E+17,7317178,8,1522688895
87176646,6294822,8,1522688813
353799702,5294198,7,1522688811
87176646,4555426,7,1522688793
51780170,5726616,7,1522688777
87176646,2704998,5,1522688729
406893591,5714400,9,1522688595
23544265,106918,6,1522687932
634011369,318871,8,1522687845
9.59826E+17,289765,10,1522687154
79546672,2316204,6,1522686776
290149952,5776858,5,1522686535
7.38472E+17,430105,7,1522686205
8.40905E+17,1677720,4,1522686149
143425354,2917388,7,1522685850
270867292,5360952,1,1522685638
24089992,3385516,6,1522685415
514243435,1677720,4,1522685135
9.28005E+17,58385,7,1522685058
46330948,3531824,7,1522685057
83891920,3521126,7,1522685037
249159678,1677720,10,1522684766
554000907,6050236,9,1522684444
281613291,5117670,7,1522684139
4125044157,5497534,8,1522683927
726986138,1365519,8,1522683689
2727322266,3799694,5,1522682506
3224411172,5294550,5,1522682249
545076217,399146,9,1522681939
45507090,4649466,5,1522681617
43355396,2557478,7,1522681489
250711809,6336356,6,1522680928
15301135,2798920,8,1522680826
7.2932E+17,7057496,10,1522680779
142300995,5442456,3,1522680749
4142265730,3501632,7,1522680327
363853315,89346,8,1522680058
256079356,4659056,8,1522679297
770860350,4468740,8,1522678489
100020123,90728,9,1522678127
103903562,1890391,6,1522677799
559381134,1185416,6,1522677563
160653702,6644200,8,1522677410
3116365408,5536736,1,1522677003
435290385,3040964,7,1522676033
1024537795,32762,7,1522675631
23544265,2932536,6,1522675526
177630312,6265828,4,1522675418
3165618368,5058700,10,1522675235
392056808,47472,5,1522675060
3745498034,55910,10,1522675025
245740295,1677720,8,1522674333
15177439,4575930,7,1522673521
1193197579,1677720,7,1522673479
427097691,72417,9,1522672400
28090179,59968,7,1522671776
10714802,7006426,3,1522671764
28090179,2693776,7,1522671676
968723426,4425200,8,1522671368
2500429043,3978720,7,1522671289
2508432334,974015,4,1522671034
24089992,1219827,6,1522670584
272601306,6468322,9,1522670506
166332886,1825683,5,1522670434
2201253550,7386420,9,1522670062
363853315,6143568,5,1522669741
481836708,2825724,8,1522669329
1128646459,697731,10,1522668716
43349934,1464763,5,1522668622
2681928157,5669152,10,1522668590
287647647,4694544,6,1522668367
23544265,247199,7,1522668035
1410263185,1485796,8,1522667898
16864212,1677720,10,1522667015
194720848,1677720,10,1522667001
2681928157,5669150,10,1522665755
8.61109E+17,6337116,8,1522665349
3165618368,5710984,7,1522664949
7.1931E+17,1278469,7,1522664856
1294954910,5052448,7,1522664674
780563418,5052448,7,1522664584
61262629,3498820,8,1522664446
7.24415E+17,5052448,7,1522664434
503047639,1825683,7,1522664011
2681928157,5669148,9,1522662969
1132019796,1068680,7,1522661728
2681928157,5669146,9,1522660180
23544265,2080374,8,1522660093
2359939367,443706,6,1522659745
732152605,5294550,6,1522659328
2530302080,1984119,10,1522656705
28090179,1524930,6,1522656279
32774156,4550098,8,1522656259
2681928157,5669144,9,1522656041
480318377,6467482,9,1522655810
256582185,2356777,8,1522654955
2992627346,1475582,8,1522654256
454759966,1454468,8,1522653670
766543460,2267998,8,1522653433
3200180328,6337116,7,1522653039
376663233,5776858,8,1522651502
24089992,97165,8,1522651073
24089992,2250912,7,1522651048
2681928157,5669142,9,1522649925
3406291637,59894,8,1522649880
64260934,4604612,8,1522649811
1109669863,4604612,9,1522649602
41397545,5580540,8,1522649291
9.37782E+17,6684168,9,1522649109
8.23642E+17,6660498,7,1522648937
121417678,5580390,7,1522648867
2681928157,5669140,9,1522647011
42242731,5294198,7,1522646624
9.62782E+17,51378,9,1522645947
2851154606,4500922,7,1522645833
9.37782E+17,5791266,9,1522645322
326443216,6208182,10,1522645132
10931262,1677720,8,1522644862
2788357406,6337116,7,1522644818
2893163892,51378,9,1522643992
2681928157,5669136,9,1522643987
2616315888,105236,10,1522643951
28759894,4209788,8,1522642553
217885282,1677720,7,1522642350
37244784,5442430,7,1522642275
37244784,5618256,8,1522642267
37244784,5618256,8,1522642199
217885134,1677720,7,1522642161
1016081797,327056,7,1522642149
21157148,5027774,9,1522642031
61860954,4765284,6,1522641949
124057852,119081,8,1522641359
490685429,2699110,10,1522640937
490685429,6048596,8,1522640887
25200074,1677720,9,1522640841
31220726,2567026,6,1522640595
11608132,1677720,7,1522640536
9.48494E+17,1375666,10,1522640203
86198533,6885524,8,1522639858
2793296237,86203,7,1522638857
19957034,5294550,7,1522638620
238510993,3011960,6,1522638527
68976803,365907,6,1522638523
68976803,5716464,6,1522638485
2841661915,478970,7,1522637918
2449651,5071412,8,1522637754
829612993,5776858,8,1522637618
2376316149,1485796,5,1522637495
2376316149,5580390,5,1522637445
2376316149,5027774,5,1522637429
2376316149,5649144,5,1522637406
2376316149,1492705,6,1522637382
328059736,1677720,9,1522636707
2425056682,1375666,10,1522636478
355343188,2226597,8,1522636190
104500211,6470478,8,1522636166
595294937,1677720,,1522635731
3309067706,5776858,8,1522634536
482937896,5990474,7,1522634400
1072864962,2543472,8,1522634365
31220726,5291716,6,1522634315
127757463,5229638,10,1522634287
126927898,2557478,7,1522633764
125098830,1939659,8,1522633589
562524115,1677720,10,1522632663
49199103,2316204,7,1522632118
131237849,2568862,7,1522632117
8.90538E+17,974015,7,1522631611
15097152,2239822,6,1522631602
186577118,5439796,7,1522631065
101886736,974015,7,1522631048
101886736,2527336,8,1522631022
101886736,3371366,6,1522630998
101886736,451279,7,1522630979
101886736,1790809,6,1522630953
493836197,5439796,7,1522630605
8.12028E+17,72443,5,1522630521
78784977,6257970,10,1522630452
375312066,111161,10,1522629966
4409447307,4135844,9,1522628546
140634241,103888,9,1522628134
101575859,5290382,9,1522628015
1976471618,1130884,10,1522627745
2565243030,381681,10,1522627691
8170802,1389072,5,1522627277
398658773,7211972,7,1522626813
42242731,2494362,9,1522626658
114045805,2704998,7,1522626110
420342053,5776858,8,1522626069
7.59823E+17,780504,8,1522625856
480890995,120382,5,1522625829
84314493,1959563,7,1522625543
84314493,3532216,7,1522625508
3173463026,2011311,7,1522625325
1650655980,6304046,1,1522625085
3229108165,1614989,9,1522624946
15742155,5580540,9,1522623864
325193360,6788942,9,1522623704
470580792,1677720,86,1522623348
194068970,3170832,7,1522622621
197027936,4190530,8,1522622577
7.31005E+17,5783956,5,1522622506
576995601,1809398,5,1522622329
506003672,3501632,6,1522622237
501739257,2543472,7,1522622171
1050920466,5052448,4,1522621847
19142739,5439796,7,1522621810
127757463,1677720,8,1522621793
2299466682,5580390,8,1522621505
2299466682,5649144,6,1522621483
787930938,1677720,7,1522621437
90504814,2798920,5,1522621245
20331863,4209788,8,1522621118
16858626,1677720,9,1522621104
256871815,3416532,4,1522621083
23187375,5104604,10,1522620967
170977426,320661,7,1522620895
1443569965,5580390,1,1522620538
287573049,7357302,7,1522620504
1030754113,383718,10,1522620213
448019362,7197684,7,1522620055
150306989,5640450,8,1522620042
42742362,315327,7,1522619950
3116365408,3317234,4,1522619819
364194483,4209788,8,1522619753
92947735,1677720,8,1522619624
493836197,1711525,,1522619587
123356559,5104604,10,1522619507
89428235,1740299,9,1522619506
231298648,3450958,8,1522619290
231298648,1711525,7,1522619033
319211182,6892400,8,1522618636
390337415,6464562,9,1522618473
86427477,4555426,7,1522618289
254962835,1485796,7,1522618237
102188851,5580036,7,1522618213
14238890,2820466,7,1522617890
179915965,4555426,7,1522617480
302835907,5580036,8,1522617449
86709371,2873282,8,1522617397
917467580,2798920,7,1522617207
37244784,5442430,7,1522617188
1599453278,3381008,8,1522617181
363853315,6186970,8,1522617100
22673077,1365519,8,1522617018
256582185,2790174,9,1522616392
271092587,1825683,7,1522616201
392056808,3896198,8,1522616129
271092587,5104604,7,1522616067
185480272,2873282,8,1522616010
243266040,1590193,7,1522615598
539775876,1504508,5,1522615449
1446936253,1590193,5,1522615399
39728128,1677720,8,1522615326
61262629,2582802,9,1522615250
149869496,77651,6,1522615229
60851468,2798920,7,1522615056
256871815,5442430,4,1522614971
336724279,1197624,9,1522614786
92518049,146309,9,1522614675
67964861,451279,7,1522614472
1386279391,5776858,9,1522614418
153549613,86856,7,1522614382
29335897,5776858,9,1522613899
111472403,1373120,8,1522613804
286797640,120601,8,1522613759
8.91892E+17,2798920,5,1522613686
306827014,787524,7,1522613626
114223678,5104604,9,1522613617
90504814,3402236,7,1522613557
452926374,2798920,5,1522613490
59101837,1590193,3,1522613371
60851468,5462602,8,1522613172
202364821,4420704,10,1522613161
59101837,1590193,4,1522613123
7.13806E+17,237572,6,1522613069
183310367,2243389,4,1522612931
1242000956,102536,6,1522612846
562162009,6468322,1,1522612841
52825298,1677720,10,1522612541
123536907,2428170,6,1522612363
8.78981E+17,109045,9,1522612129
731776538,1677720,9,1522612108
248917051,3317234,7,1522612016
23104141,6061074,8,1522611992
101459318,5813366,6,1522611978
1306096704,1389072,6,1522611932
34972668,4555426,6,1522611923
522540374,1389072,6,1522611859
578925761,1092026,8,1522611820
166271359,74486,8,1522611728
410353654,5516154,10,1522611574
25095658,3183660,8,1522611445
125821242,3748528,8,1522611263
27945593,5657846,9,1522611138
342514044,250797,7,1522611011
93930099,2283362,7,1522610967
1511466049,4181052,6,1522610911
1599453278,1302011,8,1522610656
1599453278,441773,8,1522610641
2793296237,90966,7,1522610605
1433495676,1462041,5,1522610584
246370951,5104604,8,1522610495
406893591,5207772,7,1522610437
3192179732,76759,6,1522610350
447602528,2377322,7,1522610282
86427477,5886440,6,1522609987
2258953391,6467482,10,1522609830
25200074,4486986,5,1522609815
533807874,5186714,8,1522609590
7.48773E+17,5990474,8,1522609554
1291225124,3460252,8,1522609515
14610275,1485796,7,1522609359
2427484647,6065542,10,1522609307
83383016,3501632,7,1522609272
83383016,1856101,8,1522609243
15055852,5311514,10,1522609210
603585595,3450958,5,1522609188
14670794,1590193,7,1522609123
37033958,1677720,8,1522609042
61262629,1666185,6,1522608898
1119917773,52618,8,1522608638
36988769,1837562,2,1522608616
186093250,974015,8,1522608610
4125044157,800369,7,1522608328
185995548,111282,7,1522607620
190508871,1825683,5,1522607249
290149952,4209788,7,1522607013
616574616,113824,8,1522606499
407774026,6588966,10,1522606217
8.14044E+17,81505,7,1522606157
8.14044E+17,81505,8,1522605995
247248114,6873658,8,1522605965
201867527,4555426,9,1522605886
2803147154,1677720,9,1522605783
2927096588,5027774,9,1522605717
73877693,1291566,7,1522605319
32828615,5742374,3,1522605200
32828615,5598102,7,1522605184
1443569965,1485796,9,1522604832
56330293,1957938,4,1522604699
18285088,6973218,7,1522604519
21643377,3498820,6,1522604511
23544265,5638642,6,1522603691
539775876,914863,6,1522603672
2059821,1677720,9,1522603458
101459318,5678110,4,1522603153
77093854,2991224,7,1522603055
9.60245E+17,6468322,10,1522602725
51747252,1677720,8,1522602430
31220726,583644,8,1522601958
31220726,583446,8,1522601856
31220726,583454,9,1522601605
31220726,583594,8,1522601504
31220726,583533,8,1522601409
31220726,583642,10,1522601281
1599453278,33563,10,1522601177
31220726,583650,9,1522601144
31220726,583648,8,1522601052
245488450,1677720,8,1522600922
363853315,98328,7,1522600642
318711510,1677720,9,1522600141
53112945,61648,5,1522600016
2698155372,7879820,10,1522599807
40393966,1389072,1,1522599376
239910665,3521126,7,1522599345
59101837,6108090,4,1522599271
64790215,1637688,7,1522598691
1264352972,1650554,4,1522598534
1264352972,1250777,5,1522598511
160653702,1677720,7,1522598053
2254771236,1677720,7,1522598011
1525303956,1677720,10,1522597901
1541683646,1677720,8,1522597570
363853315,1825683,7,1522596864
9.16307E+17,5783956,7,1522596853
7.53516E+17,451279,7,1522596698
154492035,1454029,9,1522596426
101459318,1615160,6,1522596063
355833606,1485796,10,1522595955
3173463026,7167602,7,1522594736
46479371,5776858,8,1522594131
77988454,3532216,9,1522593716
248390615,5776858,4,1522593598
435582416,1677720,5,1522593531
2907870106,1677720,6,1522593391
43891786,2531334,3,1522593178
562162009,903747,10,1522592933
11759242,1392190,9,1522592701
426099732,2396589,7,1522592693
331042058,1536537,7,1522592233
406893591,5714398,8,1522592141
35475803,8144778,7,1522591088
40433907,3183660,7,1522590638
21157148,1677720,8,1522589754
423690805,5027774,8,1522589162
423690805,113277,8,1522589140
423690805,840361,9,1522589122
533807874,1360860,10,1522589049
3165618368,5709250,10,1522588213
28759894,1291566,7,1522588206
38503237,5726616,7,1522587719
38503237,1712192,6,1522587699
384827156,4158110,10,1522587645
62472950,7768848,9,1522587590
1950225024,1590193,10,1522587144
1042748719,5011816,9,1522586799
917467580,1571222,6,1522586751
235873057,1413492,7,1522586700
390229039,89755,10,1522586642
179084872,1182345,8,1522586629
101459318,7108976,3,1522585649
101459318,119931,3,1522584786
189475029,63032,6,1522584568
306827014,3411444,6,1522584319
2466065014,3544112,9,1522583970
413857803,5497778,9,1522583822
2681928157,5669138,9,1522583597
516973945,4209788,8,1522583420
782119171,6468322,9,1522583362
43891786,5657856,8,1522583179
26009607,6958022,10,1522582822
14277735,4986098,4,1522582711
559381134,107808,8,1522581295
632887812,5091548,9,1522581166
632887812,6315800,8,1522581133
632887812,7167630,7,1522581091
632887812,7167602,8,1522581056
129949668,7318202,8,1522580771
2681928157,5669134,9,1522580517
26959381,2283362,7,1522579342
23544265,141926,7,1522578722
2681928157,5669132,8,1522577334
102732942,1677720,9,1522577148
370481007,1800241,8,1522577083
53930437,6294822,7,1522576878
53930437,129167,8,1522576815
130353272,1182345,9,1522575820
1199108905,5726086,7,1522575206
1410263185,2798920,8,1522574305
2681928157,5669130,10,1522573711
43891786,60782,5,1522573209
56639400,1677720,9,1522572870
348489174,2557478,7,1522571702
60919233,1485796,8,1522571065
256027349,108052,8,1522568080
18374804,1365519,6,1522567033
67715580,5776858,9,1522564774
620379361,376968,3,1522564558
474235378,1677720,9,1522564138
2681928157,5669128,10,1522564092
9.67847E+17,120863,8,1522564089
1608781386,73486,9,1522563976
193018392,3901826,7,1522563634
64260934,4995790,6,1522563541
52786445,5816682,6,1522563339
303926309,2557478,8,1522563233
946806636,5011816,9,1522562916
3200180328,7160070,5,1522561878
42242731,3758172,6,1522561361
21277420,1731697,5,1522561345
21277420,821462,8,1522561327
21277420,2283362,8,1522560969
2681928157,5669124,9,1522560807
21134215,4986098,3,1522560439
31220726,7685598,7,1522559905
597837060,3317234,3,1522559052
52875432,1413492,9,1522559043
2207092457,137523,7,1522558697
465060371,1677720,4,1522558128
3241922954,109830,10,1522557385
917959392,2103267,4,1522556649
1240810410,120738,6,1522556358
58845431,3890160,6,1522555859
2893163892,87843,9,1522555661
49284833,1294226,8,1522555315
8.76249E+17,4799050,7,1522555285
732152605,4986098,5,1522554903
41676573,5294550,9,1522554558
75511224,5726086,3,1522554401
55268727,4178092,7,1522554106
231295881,6063050,10,1522553893
1387383786,105236,7,1522553610
334851349,5962210,6,1522553602
9.48494E+17,482571,10,1522553327
3029664675,6644282,10,1522553321
102519789,1677720,8,1522553321
3029664675,6644272,10,1522553298
212228128,5719536,10,1522553211
287517126,6366744,5,1522552609
298566448,108052,10,1522551861
2309308965,5776858,7,1522551640
991821326,3884454,9,1522551455
8.45828E+17,230600,8,1522550663
597837060,1677720,9,1522550367
1715185778,2582576,6,1522550339
64260934,2527336,7,1522550307
31220726,5715874,9,1522549738
1666334204,6315640,10,1522548837
58845431,4550098,9,1522548681
8.92009E+17,1228705,7,1522548603
1368283646,5534434,10,1522548359
1368283646,1870419,10,1522548328
1416991741,1120985,8,1522548100
7.3238E+17,996605,7,1522548054
2961214594,6467482,10,1522547986
482937896,5639354,9,1522547702
2992627346,108778,10,1522547604
199841639,3184640,10,1522547578
8.47444E+17,6222548,10,1522547359
126927898,2582496,10,1522547213
126927898,2910814,7,1522547173
126927898,1677720,8,1522546983
220437780,2557478,6,1522546737
127757463,1403865,9,1522546636
8.56498E+17,7608028,3,1522546437
1480538665,52540,10,1522545952
2219748226,1677720,5,1522545695
27253923,3631112,8,1522545675
1517324414,1677720,8,1522545640
193283453,4209788,8,1522545277
4738161262,1327773,8,1522545232
991821326,2261287,9,1522545222
74363019,2296777,6,1522544759
9.37782E+17,2798920,9,1522544751
15800326,7386416,8,1522544578
164447141,1613750,7,1522544490
480890995,1590193,5,1522544058
735586434,47437,9,1522543903
7.59823E+17,109424,10,1522543643
8.24151E+17,104691,8,1522543275
2616315888,2278388,8,1522543095
380920172,5580390,7,1522542951
1526584454,5294550,8,1522542773
380920172,4555426,8,1522542687
174140598,5340856,9,1522542143
539775876,1365050,9,1522541650
4409447307,5776858,9,1522541516
541602516,3317234,6,1522541290
238510993,5715874,8,1522541007
8170802,5580390,7,1522540681
376505563,1211956,8,1522540437
141949192,487831,2,1522540100
540339589,117951,10,1522540083
1570329336,83658,8,1522539950
131237849,2548396,5,1522539871
8.42808E+17,4279012,9,1522539501
2380599406,443680,8,1522539388
268524469,6305622,9,1522539166
248917051,464041,8,1522538763
248439586,5109784,7,1522537988
1930307220,583434,10,1522537494
15177439,5711148,7,1522537323
366453976,1425253,5,1522537266
160511883,1677720,8,1522537090
334957216,2283362,6,1522536669
221498648,4291600,8,1522536218
21349590,4680182,8,1522535906
101459318,1590193,6,1522535901
21349590,3424690,6,1522535867
54644462,475290,8,1522535588
2167855030,1666185,8,1522535460
29176131,1677720,7,1522535352
2594841223,3956604,9,1522534981
3029664675,6644260,10,1522534377
3029664675,6644242,10,1522534347
3053457300,1124373,10,1522534145
3233400685,3881784,6,1522533519
56330293,5580536,4,1522533274
925815223,2395427,7,1522533054
53112945,7830574,4,1522532960
449641757,83907,8,1522532906
7.57665E+17,258000,5,1522532885
532582706,1677720,8,1522532867
368565408,2692904,7,1522532452
7.54943E+17,2873282,7,1522532429
1128646459,697814,10,1522532418
491194309,5580036,5,1522532299
449641757,405325,7,1522532197
334976736,1365519,6,1522532158
334976736,1677720,8,1522532142
237248738,6788942,7,1522532089
31386468,4695012,5,1522531842
1511466049,1528100,8,1522531663
602055163,1528100,6,1522531623
297556278,52905,7,1522531458
2262967580,1033575,6,1522531134
229985772,5462602,6,1522531132
390337415,6464552,8,1522531125
9.37782E+17,7978942,9,1522531047
354826191,1209377,1,1522530961
38637284,376479,7,1522530950
42242731,5859238,7,1522530544
20261895,45917,7,1522530532
153549613,468492,8,1522530444
56330293,5675620,8,1522530347
39795952,2798920,8,1522530174
88669606,1489889,7,1522530092
624080115,4513674,7,1522530022
405487691,107290,10,1522529980
53112945,3402236,6,1522529978
102188851,5027774,7,1522529944
1368283646,1270835,10,1522529857
48306347,4209788,8,1522529818
2695607660,2250912,4,1522529787
302004506,2283362,7,1522529676
306827014,4209788,3,1522529617
87211459,3829920,7,1522529456
2198799007,7057496,9,1522529104
66666255,4679082,8,1522529061
810653214,1396484,9,1522528965
2743362845,458413,5,1522528710
427097691,5649144,5,1522528320
8.94921E+17,7318202,8,1522528278
2312593090,1275791,9,1522527856
4901892789,2283362,7,1522527838
4901892789,5580390,7,1522527781
256582185,5816682,6,1522527509
745934101,3532216,6,1522527501
9.16307E+17,5580390,2,1522527075
38637284,6186970,6,1522526923
15622557,2798920,6,1522526820
287647647,2283362,7,1522526693
7.53516E+17,1386697,6,1522526458
337473596,1677720,9,1522526174
229985772,1932718,7,1522525973
58806549,2226597,6,1522525844
3240379416,1285009,8,1522525476
1616277156,848228,8,1522525235
28222181,112573,9,1522525074
39797265,4800878,8,1522524698
30690012,1677720,6,1522524503
406893591,5207766,7,1522524239
137621988,4857264,10,1522524148
1368283646,422401,10,1522523866
7.45972E+17,7057496,9,1522523490
107977374,6468322,8,1522523211
7.84548E+17,5862312,7,1522523039
490457881,5104604,8,1522523015
19077247,1464763,4,1522522848
336724279,1485796,8,1522522707
189475029,1898069,7,1522522681
30589555,7122324,8,1522522615
450480602,5962210,7,1522522500
8.20061E+17,4555426,8,1522522478
4121173090,111161,9,1522522395
21793779,4116284,5,1522522389
36988769,3332064,3,1522522371
257847385,4191702,5,1522522032
1935490686,4209788,9,1522521614
7.8596E+17,2017109,9,1522521282
2466065014,1485796,10,1522520711
24942073,5104604,8,1522520634
34972668,3317234,8,1522520275
60078751,4061080,8,1522519967
229985772,3387266,7,1522519776
87021337,1677720,6,1522519709
18285088,1677720,9,1522519368
42242731,2798920,6,1522519358
435582416,5308322,4,1522518948
744353257,2543472,9,1522518920
147405119,167404,10,1522518749
592549401,120382,7,1522518486
14610275,2505294,6,1522518085
153549613,4547194,7,1522517694
47174889,129167,8,1522517689
256582185,4572792,7,1522517654
787930938,82275,5,1522517072
2350669225,2591814,6,1522516377
707342742,3402236,9,1522515307
398729243,5117670,9,1522514956
412635629,7057496,9,1522514794
575586755,2380307,10,1522514409
4552850789,2873282,8,1522514378
250711809,4209788,6,1522514101
7.72062E+17,446029,8,1522514089
522540374,5862312,7,1522514022
9.1273E+17,2591814,6,1522513920
7.67898E+17,3402236,7,1522513672
104500211,4430212,5,1522512385
310239134,2873282,2,1522512181
1259200250,2873282,3,1522511944
3345799105,7048622,8,1522511871
46479371,1677720,8,1522511750
279276429,5571734,7,1522511313
3277934300,2380307,10,1522511199
256871815,5071412,10,1522510314
14238890,1677720,9,1522510195
14238890,2296777,6,1522510179
2212260520,7057496,9,1522510003
8.80293E+17,137523,8,1522509693
58168857,3553976,8,1522509521
533807874,1291584,10,1522508322
482937896,4468740,7,1522508196
43891786,119675,6,1522507720
732043766,208092,1,1522507074
177630312,5013056,5,1522507007
177630312,1677720,6,1522506880
362882467,107207,10,1522506844
153549613,1677720,7,1522506832
716027335,2798920,7,1522506725
533551448,4604612,10,1522506162
2695607660,2106651,8,1522506158
533551448,3794028,7,1522506143
533551448,2806646,6,1522506123
406893591,93209,6,1522506121
533551448,6729080,5,1522506100
138014958,6692198,7,1522506030
8.12028E+17,5776858,8,1522505685
533551448,5618256,7,1522505618
137485407,5117670,9,1522505402
23544265,1677720,8,1522505348
4878539139,52357,10,1522505176
2245384094,1485796,9,1522505127
412932723,4209788,8,1522505122
133601975,986264,10,1522504965
262571777,5742374,6,1522504785
615855168,1045658,10,1522504738
8.15149E+17,974015,7,1522503917
580755220,5117670,9,1522503606
79333803,1677720,9,1522503276
20907046,4649466,8,1522502731
2661656186,2798920,8,1522502600
312576919,5117670,9,1522502139
8.47925E+17,2250912,8,1522502024
2652195570,7057496,9,1522501845
147405119,475784,10,1522501711
4295809935,2283362,7,1522501324
784240308,985699,9,1522500469
9.56399E+17,106489,9,1522499084
2190362975,2089049,10,1522499082
26009607,7063210,7,1522499023
55306878,5982852,7,1522499017
55306878,286716,6,1522498996
709399082,35446,10,1522498659
732043766,5726086,6,1522498364
732043766,2283362,6,1522498160
3345799105,5258850,8,1522498134
1433495676,7057496,9,1522497877
7.82656E+17,6336356,7,1522497873
377984693,5753856,8,1522497763
28759894,4547194,7,1522497249
380778416,5776858,10,1522496636
237248738,7076834,6,1522496517
946454988,7183116,10,1522496493
18146782,145033,6,1522496462
2421057585,7999996,10,1522496355
962267366,1825683,7,1522496318
962267366,1137450,7,1522496296
579208263,5311514,1,1522496241
452138722,407887,9,1522495959
182443176,6214928,5,1522495361
7.52267E+17,1825683,8,1522495194
303384618,3691740,6,1522495129
2681928157,5669126,9,1522494517
133601975,3829920,7,1522494270
133601975,118799,9,1522494157
290149952,1485796,6,1522493990
1651176476,3501632,7,1522493897
14963508,1677720,9,1522493793
3182879910,7599684,10000000000,1522493393
811314102,1485796,7,1522492847
607934305,1423939,8,1522492601
8.66359E+17,452623,8,1522492416
1120997323,5052448,7,1522492377
393447453,5580390,8,1522491866
2681928157,5669122,10,1522491632
429169259,1365519,8,1522491245
4134276447,4209788,7,1522490983
636703986,2283362,7,1522490897
615855168,375063,8,1522490467
52770582,1677720,6,1522488925
7.81105E+17,2312718,10,1522488798
2681928157,5669120,9,1522488742
494976566,2070649,8,1522488617
108332288,1124373,7,1522487220
70395366,2873282,7,1522486167
2681928157,5669116,9,1522485694
229985772,249677,6,1522485607
94896121,7392212,8,1522485346
3345799105,1485796,6,1522485318
2703604908,53198,9,1522484497
293422757,23940,8,1522484264
1222982569,840361,10,1522484236
2681928157,5669118,8,1522482852
85611474,2543472,10,1522482521
326979450,2798920,8,1522481386
2210725957,1485796,10,1522481042
67715580,4046784,7,1522480483
3099842659,169547,6,1522480101
109168524,1677720,9,1522480033
3029664675,6644232,10,1522479962
3029664675,6645584,9,1522479944
303926309,1677720,9,1522479763
607934305,1796395,10,1522479724
275260685,1856101,3,1522479718
26093834,1677720,10,1522479230
2210725957,2395427,8,1522479135
42386850,4547194,7,1522478944
64260934,120815,8,1522478716
38365659,5117670,7,1522478134
108470824,6712390,9,1522477998
340303354,1677720,8,1522477107
3345799105,5711148,7,1522476902
28759894,5294550,8,1522475777
157316810,120679,10,1522475293
2681928157,5669114,9,1522475034
38503237,3829920,8,1522474061
618640350,50083,10,1522473987
514402332,8079588,10,1522473609
130353272,5462326,9,1522473326
42242731,6170506,2,1522473295
8.46412E+17,1259521,10,1522473123
55268727,4030600,7,1522472206
2681928157,5669112,9,1522472035
120237890,1365519,2,1522471890
31220726,8149522,8,1522471769
16933097,1677720,8,1522470767
268999156,1677720,7,1522470696
615855168,4633690,9,1522470629
7.72246E+17,5323662,7,1522470565
376663233,3783958,9,1522470351
87458388,1677720,7,1522470340
42242731,2283362,5,1522470179
1002559590,379725,8,1522469607
23721988,1620680,4,1522469417
124057852,4412362,9,1522469406
17240500,1291570,6,1522468872
337473596,6155194,8,1522468820
145792727,5715874,7,1522468806
60346441,2380307,5,1522468768
145792727,1620680,2,1522468674
19957034,5580036,7,1522468315
2616315888,378194,10,1522467968
1649063652,7025912,9,1522467743
607934305,1920997,10,1522467637
41676573,1478964,8,1522467518
2681928157,5669110,9,1522467470
31220726,401711,7,1522467035
2793296237,2527336,9,1522467014
70395366,1365519,8,1522466910
275231643,7679130,10,1522466895
702299756,5197860,9,1522466862
2207092457,840361,7,1522466712
36201649,2557478,9,1522466274
3345799105,3411444,6,1522465283
531249931,2024544,9,1522464745
2893163892,7222260,8,1522464712
2681928157,5540416,9,1522464503
2704334028,1677720,8,1522464362
7.07213E+17,5439796,5,1522464052
74363019,6468322,10,1522463772
468478772,1058017,5,1522463761
269024534,50212,8,1522463670
1016081797,1441395,5,1522463616
541170876,4209788,8,1522463416
392353083,6294706,8,1522463381
7.97093E+17,2226597,7,1522463183
64260934,217505,8,1522463149
2362939064,1588334,8,1522463012
558742247,2283362,8,1522462998
9.15246E+17,2704998,10,1522462559
541170876,1825683,6,1522462422
505488069,5362988,9,1522462408
3229108165,252503,7,1522462402
43891786,1620680,4,1522461929
1520879526,6155194,3,1522461835
58845431,2543472,6,1522461631
261902302,4226868,10,1522461437
3173463026,2798920,6,1522461317
468478772,1640882,10,1522460897
2374493255,289355,6,1522460642
126927898,6063050,3,1522460472
8.10447E+17,5700672,9,1522460380
20686765,5013056,9,1522459992
11998132,6468322,7,1522459971
1887649387,2042568,8,1522459756
14057962,1677720,10,1522459740
7.21321E+17,64276,9,1522459671
388381150,1365519,7,1522459385
2945471154,2873282,7,1522459050
278534165,1216496,7,1522458937
2312593090,1375666,9,1522458856
1331685840,2873282,7,1522458414
1976471618,1392214,7,1522457980
2380599406,4972582,7,1522457918
78784977,1590193,3,1522457788
78784977,4209788,8,1522457775
368225790,5580390,6,1522457595
469706802,1485796,10,1522457369
252303666,6439870,10,1522457297
73131297,1677720,9,1522457216
444621719,85932,7,1522457182
3345799105,4686844,9,1522456697
36988769,2395417,9,1522456507
1007203742,4680182,1,1522455712
499963817,5580390,9,1522455279
8.14044E+17,3521126,8,1522455105
58845431,2283362,6,1522454408
2674158176,2015381,6,1522454055
2933686178,3086442,7,1522454028
2332071256,6048596,9,1522453987
925815223,2015381,6,1522453956
3165618368,5673782,2,1522453804
132848687,5722116,8,1522453671
82090510,3317234,5,1522453430
335909052,1677720,9,1522453304
492401449,5022702,7,1522453015
118296947,1620680,9,1522453011
32611297,4622512,7,1522452936
70016613,6304046,8,1522452921
43349934,5776858,8,1522452434
30589555,5462602,8,1522452410
3165618368,6877772,8,1522452097
366453976,5052448,8,1522451949
2565243030,365748,1,1522451326
8.18174E+17,914798,7,1522451302
20331863,1590193,4,1522451283
9.56399E+17,60522,10,1522451113
4409447307,1216496,5,1522451088
161053253,1677720,1,1522450828
1104132560,5969696,8,1522450342
26330220,1389072,7,1522450293
562162009,4975722,1,1522450258
1306096704,3317234,6,1522450047
3182879910,5774876,10,1522450005
47037465,7607378,7,1522449943
9.05944E+17,3402236,5,1522449826
168628223,419677,8,1522449649
53112945,944835,6,1522449603
420980059,5294550,9,1522449389
3727395192,2873282,9,1522449362
1416991741,2798920,5,1522449306
542504087,2283362,6,1522449114
2166763838,1677720,8,1522449064
168628223,493405,5,1522449043
229454535,5657856,1,1522448979
7.57908E+17,5027774,7,1522448942
1099885394,1485796,6,1522448623
316159860,257044,9,1522448614
84314493,1485796,9,1522448604
554000907,1485796,8,1522448472
112404019,6873658,8,1522448358
23544265,3829920,9,1522447991
1368283646,1374989,5,1522447783
533238154,112817,2,1522447761
1922913571,2277860,8,1522447634
450480602,1211837,9,1522447556
4610553696,1677720,9,1522447444
406893591,2527336,5,1522447390
2833216837,209144,10,1522447316
2783467514,6769508,9,1522447302
271460518,6955104,7,1522447194
1002559590,60827,8,1522447141
149869496,84787,7,1522447103
26531700,2250912,8,1522447007
6131872,1677720,7,1522446972
220437780,1677720,8,1522446910
14070248,7860890,9,1522446599
36988769,6889090,8,1522446557
37244784,1677720,8,1522446381
8.55892E+17,473188,1,1522446301
268913720,1677720,5,1522446137
2788393327,2873282,7,1522446129
116840267,4034228,8,1522446059
327586038,5155780,8,1522445946
3165618368,2283362,5,1522445590
835882177,1130884,9,1522445565
268706986,4160708,7,1522445555
101459318,5846644,1,1522445354
910560230,477348,8,1522445231
2376935990,5776858,8,1522445151
787930938,40068,6,1522445090
552238990,1677720,8,1522445059
55921347,6552836,10,1522444794
14147989,3532216,7,1522444746
395680865,5253282,8,1522444640
20132782,5649144,7,1522444634
395680865,5727282,7,1522444592
45157085,5580390,9,1522444504
45157085,1389072,4,1522444485
2203394588,5884230,7,1522444272
775473486,3011960,7,1522444126
132848687,4094724,6,1522443679
80670197,5716464,7,1522443663
331560468,6958022,9,1522443630
331560468,780548,7,1522443609
80670197,5726086,5,1522443546
80670197,1469304,4,1522443523
7.0295E+17,3501632,9,1522443505
80670197,1856101,6,1522443502
152391303,107290,10,1522443315
53112945,6470478,10,1522443271
434306663,1677720,10,1522443215
424193383,1485796,6,1522443028
214869524,119174,4,1522443020
226641153,5629524,1,1522442979
87211459,1485796,8,1522442858
10228882,4209788,8,1522442714
206415385,1734493,6,1522442713
1585672987,298203,8,1522442527
392056808,2719848,8,1522442221
8.66359E+17,443680,7,1522441997
253172286,4857264,9,1522441897
20331863,5294550,7,1522441844
20393790,4385888,4,1522441705
390229039,455824,10,1522441652
1573168867,1677720,9,1522441589
7.53516E+17,2975590,8,1522441188
1071853069,2543472,7,1522441107
390337415,6263404,7,1522440936
752543646,103060,9,1522440849
211561695,1677720,10,1522440848
752543646,100758,8,1522440823
346881116,5294550,7,1522440766
752543646,1291150,6,1522440752
237248738,4123854,6,1522440707
752543646,3949660,6,1522440516
450480602,2250912,8,1522439826
7.57665E+17,74512,7,1522439794
2927096588,1981128,8,1522439691
20598764,2798920,7,1522439009
86427477,3560686,7,1522438770
347400196,7999996,10,1522438710
529649196,7222258,10,1522438679
149869496,93693,7,1522437716
2607007634,3460252,8,1522437661
390337415,6493682,7,1522437572
7.82656E+17,1485796,8,1522437512
14670794,5294550,7,1522437194
7.31227E+17,1392214,5,1522437186
7.31227E+17,120815,8,1522437148
1492412479,84787,8,1522437105
348779441,3272570,8,1522436950
1899460658,1442449,5,1522436827
395912603,4686844,5,1522436708
283335575,1677720,8,1522436656
1616277156,458339,7,1522436495
1386279391,4190530,7,1522436282
68909744,6304046,6,1522435854
8.90782E+17,5109784,3,1522435655
533807874,363163,10,1522435488
190461196,5580390,8,1522435484
1480538665,63598,6,1522434683
495786609,2742544,7,1522434399
756252728,4209788,10,1522434208
1407792972,5013056,5,1522432813
707733574,5710974,8,1522432333
131217343,2188671,8,1522432261
255209550,5117670,7,1522432176
49147238,2975590,6,1522431904
7.09867E+17,5117670,7,1522431747
250711809,5776858,6,1522431565
25574533,3317234,4,1522431351
22673077,6746190,10,1522431233
282474031,5027774,9,1522431178
21643377,2250912,7,1522430676
2362939064,4061080,7,1522430580
2362939064,2527336,6,1522430540
55280238,5052448,6,1522430259
408555532,3253930,100,1522430210
49284833,4193394,7,1522429710
256582185,5776858,3,1522429310
193283453,5776858,9,1522428732
29413015,110413,8,1522428597
1259200250,1365519,4,1522428438
334851349,3829920,6,1522428321
8.14044E+17,172495,10,1522428280
1971272432,5580390,4,1522428232
576995601,4698684,8,1522428018
23544265,2543472,8,1522427874
310239134,1365519,4,1522427811
395251108,5736758,7,1522427798
395912603,58777,8,1522427427
480890995,3532216,5,1522426859
149869496,76054,7,1522426102
36988769,4538916,7,1522426069
363853315,2591814,7,1522425585
2201253550,5294550,7,1522425442
2614857084,5340856,10,1522425284
80318448,1677720,8,1522425154
1520879526,1677720,8,1522425057
1520879526,6450186,6,1522424995
1386764659,2704998,8,1522424583
9.70887E+17,2294629,8,1522424510
363853315,46899,8,1522424102
133601975,3402236,7,1522423337
59359421,1677720,8,1522423240
4878539139,1605783,8,1522423123
47645336,5716464,8,1522422908
12918842,1677720,9,1522422696
8.20061E+17,5294550,8,1522422689
250711809,5294550,6,1522422549
84314493,4649466,6,1522422469
161813458,5776858,5,1522422330
539775876,3262990,6,1522421247
206386066,1677720,8,1522420576
406893591,93693,8,1522420383
1180099964,790636,8,1522419859
9.67289E+17,5282412,10,1522419560
9.67289E+17,5254856,10,1522419489
131417299,1228705,7,1522419235
95929972,4196776,6,1522418874
219614631,5912470,8,1522418712
1062916002,1365519,7,1522418660
77883286,3731190,8,1522417973
77883286,6140870,9,1522417906
3001512727,1485796,8,1522417263
177410776,2390361,10,1522417068
47174889,6265828,10,1522416777
68976803,3722070,8,1522416721
149869496,56869,6,1522416505
47645336,1653665,8,1522416394
132926004,5678110,8,1522416029
765145614,1328642,1,1522415863
133601975,5580390,7,1522415544
133601975,1389072,5,1522415489
104500211,2788432,7,1522415382
4295809935,1485796,9,1522415302
70395366,2239822,6,1522415218
2201253550,5774876,9,1522414667
40393966,5362988,8,1522414431
506003672,3775086,5,1522413929
256871815,3371366,5,1522413905
3948698056,6845390,10,1522413810
391499096,4649466,5,1522413721
4878539139,3397884,9,1522413694
533238154,104257,9,1522413681
9.56399E+17,1878870,8,1522413673
450912728,105236,8,1522413296
464180929,1677720,10,1522413218
7.54943E+17,2380307,10,1522413113
3059599272,2527336,10,1522413026
430574058,2380307,10,1522412728
549344593,5027774,9,1522412593
2912066930,120689,10,1522411837
289327576,1570728,7,1522411833
529649196,2089051,8,1522411674
269024534,1677720,8,1522411581
2246683035,1814411,9,1522411215
2246683035,1751740,8,1522411162
8.12028E+17,74896,5,1522411057
43891786,6644200,9,1522410855
579580098,4209788,6,1522410618
1297541274,4972582,7,1522410375
445611258,1248736,10,1522410181
274478972,5716464,7,1522409325
2681928157,5547538,10,1522409193
9.74737E+17,4500922,,1522408709
24677595,1677720,9,1522408571
316583600,960731,4,1522408454
316583600,1966359,5,1522408422
229985772,3754940,8,1522407420
757655725,5776858,10,1522406763
2681928157,5547530,10,1522406509
966768098,1485796,10,1522405786
615855168,814314,7,1522405463
406893591,5207764,5,1522405190
23544265,1821549,7,1522405150
379823206,2798920,5,1522405065
7.4963E+17,5580036,7,1522405055
379823206,2296777,4,1522404901
229985772,3754940,7,1522403900
2681928157,5547522,10,1522403657
2201253550,1590193,8,1522402924
9.40567E+17,756683,10,1522402279
43891786,1677720,8,1522400832
604877306,4209788,6,1522400819
2681928157,5547512,10,1522400633
408851562,2194499,8,1522399990
1480538665,66466,8,1522399662
52825298,4925292,8,1522398057
47645336,1485796,9,1522397971
52825298,1620680,7,1522397952
1037623320,362227,5,1522397636
216851977,5969696,8,1522397532
1629439184,5058700,10,1522396834
3311138466,1974419,8,1522396332
2681928157,5538526,8,1522396223
52786445,5027774,6,1522396075
3311138466,5753856,8,1522396059
52786445,120623,6,1522396031
516973945,5294550,7,1522396013
3311138466,87182,6,1522395989
3311138466,167260,9,1522395939
176696303,2543472,8,1522395901
3311138466,167261,9,1522395864
176696303,110357,8,1522395822
176696303,1798684,7,1522395781
3311138466,120737,5,1522395781
3311138466,887883,9,1522395699
3311138466,2042568,10,1522395645
3311138466,1019452,9,1522395556
84004641,3348730,7,1522395265
3345799105,4305148,5,1522394193
7.42175E+17,1411238,6,1522393910
377492116,7222260,8,1522393893
362591371,1677720,7,1522393851
406893591,5207758,8,1522393279
890046283,5027774,10,1522392760
31359271,90887,6,1522392646
358258166,3531824,5,1522391535
123348773,1677720,7,1522391394
1950225024,1389072,1,1522391265
775473486,2224026,8,1522391156
39392875,4633690,9,1522390717
2681928157,5539106,10,1522390581
135495859,5027774,8,1522390411
16312013,1677720,9,1522390243
82696902,3402236,8,1522388844
8.6269E+17,7679130,10,1522388063
145792727,1677720,8,1522388036
47037465,1620680,4,1522387931
8.76249E+17,3631112,9,1522387680
601060552,1825683,8,1522387628
3345799105,3901826,8,1522387611
491194309,5776858,8,1522386585
23721988,1677720,8,1522386457
2351138963,5580390,10,1522386127
64260934,5774876,9,1522385826
31220726,2798920,7,1522385480
2681928157,1677720,10,1522385305
7.44312E+17,1677720,7,1522384943
107288892,3165612,9,1522384095
28759894,4420704,7,1522383997
145792727,6450186,5,1522383827
925815223,1677720,5,1522383601
9.16307E+17,1327194,7,1522383514
3281958260,1677720,8,1522383459
420980059,108778,9,1522383200
420980059,98904,10,1522383140
583802621,451279,7,1522382484
3224411172,3829920,8,1522382186
58845431,197139,9,1522381297
42027469,4857264,9,1522380985
398658773,5599692,7,1522380652
3345799105,5737862,7,1522380612
539775876,86465,8,1522380564
7.12001E+17,816692,10,1522379997
93930099,5294550,7,1522379976
8.92009E+17,371746,9,1522378845
58084897,2798920,7,1522378657
47216493,974015,6,1522377625
732152605,4209788,7,1522377423
620953,1314655,8,1522377375
376505563,4500922,7,1522377098
7.64814E+17,1677720,8,1522377046
615855168,114369,10,1522376897
500863686,4857264,8,1522376356
58102966,1677720,9,1522376349
221498648,5776858,9,1522376028
2944928969,175880,9,1522375314
351086617,1856010,10,1522375149
27103048,1677720,9,1522374878
29332210,1677720,10,1522374609
9.59826E+17,1314655,9,1522374260
326979450,5592248,6,1522374220
551354887,3740788,10,1522374057
583802621,2380307,9,1522373423
3173463026,1966359,5,1522373276
481869124,475784,7,1522372989
573841007,5825380,7,1522372913
7.24415E+17,368226,4,1522372802
303384618,116778,7,1522372561
3345799105,5294550,6,1522372423
7.22554E+17,4720702,5,1522372378
137621988,3758172,10,1522371534
732043766,114369,7,1522371364
385130287,2316204,5,1522370506
2459776921,4209788,7,1522370444
365329102,974015,10,1522370263
383315559,2442560,9,1522370114
389017652,4341582,8,1522370068
1479207062,1485796,9,1522369997
3044580558,5776858,10,1522369650
1180099964,3973198,8,1522369451
123348773,1615160,8,1522369234
1935490686,3521126,7,1522369133
4082216657,1677720,7,1522369108
4878539139,2179136,6,1522368808
229454535,6083648,1,1522368560
229454535,5360952,1,1522368534
9.16307E+17,1485796,10,1522368488
520785297,3576728,6,1522368055
2374493255,104952,7,1522367948
2447125638,1375666,10,1522367752
7.0406E+17,2406566,3,1522366762
993111104,4547194,8,1522366697
2735710044,5218256,10,1522366588
316159860,272020,8,1522366489
31220726,7272242,7,1522366444
2466065014,2250912,8,1522365936
348779441,4939066,7,1522365829
3070133694,4383288,10,1522365629
1104017425,2873282,6,1522365203
521198455,1365519,7,1522364918
583802621,2283362,9,1522364783
9.56399E+17,46250,8,1522364278
254073960,2560140,9,1522364167
23544265,5109784,7,1522364152
993111104,1485796,8,1522364131
172465170,4799066,3,1522363973
4409447307,2402927,5,1522363952
63811994,1677720,9,1522363759
172465170,1677720,8,1522363655
26971451,1677720,6,1522362811
86427477,387898,7,1522362419
2411870402,4621630,8,1522361978
8.90782E+17,397101,5,1522361933
9.59635E+17,2591814,1,1522361903
8.17028E+17,1196946,7,1522361769
70892799,1677720,8,1522361758
406893591,2283362,5,1522361667
3745498034,1677720,4,1522361564
564185074,457430,6,1522361536
7.57665E+17,52561,8,1522361297
3939508395,1485796,8,1522361180
454759966,7057496,8,1522361147
1062916002,3411420,5,1522361141
30589555,2674040,8,1522361039
562727060,5360952,7,1522360860
1002559590,81398,10,1522360738
624080115,2283362,6,1522360668
624080115,5580390,5,1522360651
7.81133E+17,2798920,9,1522360567
469706802,75314,8,1522360563
187405381,5117670,6,1522360518
229985772,1469304,3,1522360494
406893591,473075,6,1522360323
238617680,5776858,8,1522360147
1547166151,7518466,9,1522360013
21349590,1825683,8,1522360002
337563975,424880,10,1522359866
429169259,1825683,10,1522359806
2194037787,1485796,10,1522359174
2616315888,266697,10,1522359069
2479076023,1485796,10,1522359060
1028269920,448621,10,1522358568
2833216837,1485796,8,1522358557
2181363131,5360952,6,1522358121
333368020,1677720,9,1522358048
8.55892E+17,240772,5,1522357861
8.38548E+17,1485796,10000000,1522357766
40483748,4209788,5,1522357509
8.62801E+17,6742050,8,1522357310
539775876,3317234,4,1522356825
101459318,6402362,6,1522356628
2312378298,1677720,8,1522356531
3851354133,99685,10,1522356530
390337415,7183068,8,1522356491
229985772,2967226,2,1522355879
8.86627E+17,73650,7,1522355871
229985772,1878870,8,1522355510
1229620544,5753856,9,1522355311
3241081585,1966359,5,1522355082
22242487,2334871,3,1522355032
15055852,6859418,5,1522354732
163970122,1677720,8,1522354684
4289696544,5580036,10,1522354571
8.62801E+17,7222260,8,1522354268
1386279391,3183660,1,1522353909
1050920466,4846340,6,1522353908
1050920466,4666726,6,1522353845
40433907,1856101,6,1522353589
199724185,4682780,7,1522353323
31220726,2410712,7,1522353120
1242000956,6257970,7,1522353004
26531700,3076658,8,1522352672
397187683,6146408,9,1522352441
242336836,4857264,8,1522352077
108643638,3501632,7,1522352070
386249563,2873282,8,1522351500
735034567,1365519,8,1522351494
735034567,1617661,5,1522351456
735034567,3083008,7,1522351382
447602528,2516500,4,1522351346
290149952,5294550,7,1522350902
993111104,1677720,10,1522350084
499963817,1677720,8,1522349918
368565408,1837492,7,1522349849
464521751,5776858,5,1522349600
514243435,5360952,7,1522349005
7.88825E+17,2884206,8,1522348990
2873307780,60934,7,1522348898
2873307780,2870612,6,1522348859
8.17028E+17,1683526,6,1522348813
633090872,6877772,8,1522348740
539775876,2893780,3,1522348393
310239134,1825683,5,1522348140
153549613,90967,8,1522347468
36365247,7153766,7,1522347468
229985772,5771640,6,1522347154
348779441,7588790,7,1522346752
452184511,2873282,5,1522346731
485464523,1505384,6,1522346129
149869496,5859238,8,1522346073
2244866589,6788942,7,1522345571
2276032267,4062536,6,1522345510
229985772,94332,6,1522345435
20468785,4061080,9,1522345311
3256700736,7447476,0,1522345201
345578292,5726616,10,1522345179
7.54943E+17,1677720,9,1522345080
7.63091E+17,95327,9,1522344738
287573049,4846232,7,1522344480
7.2932E+17,1034007,8,1522344055
262571777,1677720,5,1522343905
219614631,1677720,10,1522343553
2201253550,1485796,7,1522343444
108643638,2380307,9,1522342861
811172762,1485796,10,1522341842
91531371,1605783,7,1522341119
39797265,3569230,8,1522341022
9.14481E+17,2674426,7,1522340635
1259200250,1825683,7,1522339617
744717056,1677720,10,1522339545
111692041,4857264,8,1522339542
81133074,1677720,8,1522339414
35741583,1677720,10,1522339053
7.09867E+17,1754578,6,1522338357
8.47925E+17,3890160,5,1522337758
18447670,7913330,10,1522337467
18447670,7344002,10,1522337445
133601975,1677720,8,1522337047
516973945,1485796,8,1522336179
11530232,1677720,10,1522335635
77883286,6179030,8,1522335531
77883286,6132418,9,1522335518
77883286,6132414,7,1522335504
77883286,6028546,8,1522335491
2248954394,2527336,7,1522335070
409214609,1677720,8,1522334990
161813458,5657856,7,1522332958
634011369,6468322,9,1522332935
15622557,7830574,6,1522332853
1071853069,2380307,9,1522332691
3240121958,142245,9,1522332577
290322402,6873658,8,1522332403
579134372,120399,8,1522330774
192518892,1677720,9,1522329919
127757463,5931648,9,1522329829
155230046,2873282,7,1522329177
217676354,1677720,8,1522329083
269778679,1677720,5,1522328625
8.46412E+17,4094724,6,1522328422
273797128,7422670,7,1522328138
38832610,2798920,10,1522328135
406893591,1219827,5,1522328017
958637436,2699128,10,1522327814
68283312,5294550,5,1522327731
2518657523,5362988,8,1522327537
8.61109E+17,7238396,9,1522326568
72345575,2380307,9,1522325929
3165618368,5776858,6,1522325871
25768358,1677720,9,1522324199
363853315,82176,6,1522324062
28759894,1724970,6,1522323126
116154122,54997,9,1522323028
227724352,5776858,9,1522322484
1492412479,1205489,8,1522320903
9.56399E+17,4209788,9,1522320606
8.95907E+17,1402488,7,1522319921
2681928157,5432156,9,1522319344
539775876,5796838,6,1522319178
597606168,5580390,5,1522318942
3099842659,2582802,10,1522318744
8.99043E+17,4209788,8,1522318031
248390615,1677720,9,1522316891
533807874,5791536,9,1522316512
8.12291E+17,62622,8,1522315240
229985772,2326094,8,1522314518
90090667,1677720,9,1522314275
8.17028E+17,114746,7,1522313366
21643377,5649144,8,1522312220
2945966557,1663202,9,1522312190
2945966557,1365050,6,1522312055
2945966557,1979320,5,1522311910
2681928157,5432150,9,1522310223
517061947,5126922,7,1522310215
22709169,1677720,8,1522310025
358258166,3501632,7,1522309648
24677595,5635086,7,1522309391
7.04075E+17,800369,9,1522308200
3004815997,5164432,7,1522308187
15315434,1677720,9,1522307895
151837001,3896198,7,1522307727
151837001,5580390,7,1522307699
9.59919E+17,86541,9,1522307245
7.53848E+17,378194,10,1522306662
2681928157,5432122,9,1522306655
176696303,1430612,5,1522306519
47995844,1464763,8,1522306217
9.37782E+17,7762906,9,1522305385
118883811,2798920,5,1522305289
49209684,7768848,10,1522303603
2681928157,5390282,10,1522302543
2190362975,2089051,4,1522301740
615855168,108052,10,1522301537
611467244,5164432,5,1522299931
2681928157,5352054,9,1522299656
4520508993,3743822,10,1522299275
42242731,6304046,8,1522298711
25574533,6297682,7,1522298689
3369653571,1677720,10,1522298482
61860954,5164432,8,1522297388
631386083,2798920,8,1522296954
17913104,6845390,9,1522296794
2681928157,5265450,9,1522296675
28759894,5923026,9,1522296399
290993349,2704998,7,1522296016
130353272,3717252,10,1522295962
7666952,5164432,8,1522295837
4828292341,4555426,9,1522295235
93930099,5727282,8,1522295050
499059568,7860890,9,1522295017
2605888596,47478,10,1522294659
60909762,500140,8,1522294517
2909597963,3521126,7,1522294379
3243384332,877058,10,1522293902
2681928157,5239780,9,1522293486
3261745135,4276624,8,1522293140
87087710,1365519,7,1522292452
4351136842,4209788,7,1522292208
620953,86541,9,1522292137
176696303,1485796,8,1522291938
1549284674,1677720,8,1522291558
31220726,3647498,7,1522291519
47174889,76666,7,1522291320
40619474,5935704,8,1522291055
1604983286,3521126,7,1522290910
533238154,59578,10,1522288356
228610446,7518466,7,1522287964
8.00372E+17,5119116,7,1522287632
30135991,5119116,7,1522287478
2681928157,5087242,10,1522287456
326979450,1677720,10,1522287221
991821326,3212474,8,1522286072
1657486380,1469304,9,1522285875
1657486380,5013056,10,1522285826
2380599406,4682786,7,1522285236
539775876,2548396,3,1522284775
1086587786,1526428,9,1522284737
9.70887E+17,2380307,9,1522283678
228610446,416449,5,1522283045
2681928157,5056836,10,1522282882
1016081797,5592248,4,1522282767
117760694,5580390,5,1522282153
222797981,3155328,3,1522281976
1086587786,1526434,10,1522281964
2970673821,1379182,5,1522280583
275684249,1825683,6,1522280364
248784182,7153766,8,1522280236
7.09867E+17,1906470,7,1522279707
2681928157,5056832,8,1522279657
8.12028E+17,7447476,0,1522279282
397187683,6050236,8,1522278787
1402231387,7153766,8,1522276835
7.70202E+17,74958,10,1522276697
218209624,2704998,7,1522276687
2773761983,1677720,9,1522276559
161813458,5580036,7,1522276443
533238154,58461,8,1522276311
449641757,452694,8,1522275990
47174889,5700672,8,1522275877
155993998,5541848,5,1522275669
12745892,5649144,9,1522275646
8.66359E+17,109830,9,1522275408
363853315,2011311,7,1522275377
17652309,2205697,7,1522275214
135508023,5189894,6,1522275164
330301436,6421110,5,1522275066
2681928157,5056828,8,1522274993
408555532,1485796,5,1522274797
529649196,6886400,9,1522274557
3241081585,3411444,5,1522274036
298168636,2557478,8,1522273663
1442494212,7237312,10,1522273373
1175196691,180093,8,1522273297
1434329460,6135348,8,1522273216
20331863,1677720,9,1522272884
231298648,1856101,8,1522272694
372404074,1677720,8,1522272554
569503419,974015,5,1522272432
636709057,1255953,8,1522272393
47216493,118929,2,1522272297
1492412479,57115,7,1522272115
2681928157,5056822,9,1522271801
231298648,1648190,8,1522271790
294681913,6337102,7,1522271632
9.56399E+17,110322,9,1522271494
2447125638,3655414,8,1522271439
2307550066,1485796,8,1522271230
116840267,2039338,6,1522271213
117545526,6851516,8,1522270932
49147238,5580390,6,1522270825
3116365408,253474,9,1522270251
221671151,1677720,9,1522269716
20132782,2798920,7,1522269673
76771714,1379222,8,1522269447
604877306,4094724,7,1522268885
2681928157,5056820,9,1522268598
179915965,237572,7,1522268053
4878539139,4925292,8,1522267712
8.14044E+17,816692,9,1522267604
53112945,5687446,10,1522267574
9.77984E+17,2380307,10,1522267421
787930938,37793,5,1522266848
7.70202E+17,379217,8,1522266660
169007412,780536,7,1522266620
7.09867E+17,5105218,9,1522265988
1180099964,1249033,9,1522265902
331560468,285403,9,1522265868
338499991,7403926,10,1522265841
3016425413,1677720,10,1522265394
395251108,2283362,6,1522265100
1103128454,5776858,7,1522263772
2873307780,6474378,7,1522263541
2605888596,1825683,5,1522263514
164447141,4555426,9,1522263198
256582185,5751998,5,1522262998
517061947,5726616,8,1522262873
533807874,102926,10,1522262472
107977374,2191671,7,1522262311
1496558082,5519340,7,1522262063
2380599406,1981128,2,1522261784
602019555,119488,10,1522261658
268844871,1485796,8,1522260799
406893591,5207756,5,1522260692
2962720538,4500922,7,1522260685
7.5346E+17,2771200,5,1522259907
60919233,3402236,6,1522259723
385400020,79833,10,1522259562
385400020,245429,9,1522259457
7.09867E+17,922424,7,1522259112
3099842659,5022702,8,1522258752
309729335,2406566,4,1522257726
70001475,5052448,7,1522257058
345578292,144084,8,1522256725
517061947,3402236,4,1522256314
426099732,5294550,7,1522255864
2805684036,4765284,6,1522254435
250711809,7167602,6,1522253144
256582185,6205862,8,1522252701
86783035,2380307,8,1522252647
8.67705E+17,1424797,1,1522252556
3067227330,478970,7,1522252181
454759966,6788942,8,1522251941
7.31005E+17,1590193,7,1522251167
3277375622,2798920,2,1522250910
787930938,74512,9,1522250866
304662855,6257970,7,1522250637
23544265,98258,8,1522250485
154989312,1677720,8,1522249835
3165618368,111161,10,1522249596
2705539635,277027,9,1522249372
1195161559,1485796,8,1522249318
533807874,1343092,9,1522249126
52786445,5214690,7,1522248951
624955558,1118055,10,1522248776
38216367,4682562,7,1522248633
1128646459,697657,10,1522248302
7.53516E+17,770828,7,1522247425
1347443370,68646,10,1522246754
3138321184,5884234,6,1522246149
8.31327E+17,2543472,9,1522245759
7.48773E+17,72684,9,1522245707
3241081585,225071,8,1522245371
29413015,1677720,8,1522245216
269741469,6573444,8,1522244306
76771714,5222918,7,1522243617
486839181,77631,8,1522243148
183310367,3118452,6,1522242655
43349934,4061080,7,1522242195
402618961,1614989,7,1522242157
51466710,319262,8,1522241461
51466710,5011816,9,1522241339
1480538665,66639,8,1522240461
336724279,5294550,8,1522240379
106636156,2380307,9,1522239896
155230046,1825683,7,1522239835
155230046,1365519,6,1522239799
533807874,1499658,9,1522239015
39797265,8128854,7,1522238668
248270591,181627,10,1522238220
36077970,5360952,3,1522238106
124700582,7643646,10,1522237347
427097691,61882,9,1522237256
427097691,2406566,5,1522236609
620953,5119116,9,1522235916
1492412479,2304933,6,1522235233
528715585,1485796,8,1522234896
8.17028E+17,2798920,8,1522234618
29186622,5560712,8,1522233600
8.22585E+17,1485796,8,1522233489
213891609,4577466,9,1522233318
410804734,3922798,7,1522232066
1128646459,4604612,1,1522231449
369900847,5639976,5,1522231141
2681928157,4995876,10,1522231064
369900847,114168,6,1522230982
142550307,1677720,9,1522230937
309835392,4738776,7,1522230249
2901198915,5753856,9,1522229302
2681928157,4857918,9,1522227666
375312066,4799050,10,1522227327
597606168,5555260,9,1522226606
597606168,3235888,6,1522226578
597606168,111495,7,1522226559
25768358,2798920,7,1522225455
8.42808E+17,4276624,8,1522224474
2958922748,340377,8,1522224111
2681928157,4857906,10,1522224092
38503237,1677720,8,1522223863
1480538665,77132,10,1522223592
363972455,2699128,9,1522222973
406923876,5716464,7,1522222806
256027349,119217,7,1522221187
9.37782E+17,3972954,9,1522221047
2681928157,4346788,9,1522220879
118190219,5580390,9,1522220555
517061947,5580390,9,1522220260
42242731,4446472,6,1522219062
42242731,6097798,6,1522219042
362299036,974015,8,1522218235
370481007,3569230,8,1522217566
2354340592,1231583,10,1522215562
2681928157,4489486,10,1522215024
1480538665,1677720,6,1522214513
9.37782E+17,4179604,9,1522214467
47174889,2798920,8,1522214413
518721594,1109624,7,1522214251
25200074,3881784,7,1522213660
30182509,7830574,9,1522213373
98589818,5742374,8,1522212991
98589818,3416742,8,1522212956
130353272,775440,10,1522212882
15748110,4555426,6,1522212510
835882177,4972582,8,1522212187
2681928157,4489484,10,1522212071
1657161973,6470478,7,1522210316
1881456794,128445,9,1522210027
769646490,6336356,6,1522209621
155993998,6333060,9,1522209078
2681928157,4489482,9,1522208662
517061947,3532216,7,1522208565
28759894,5726086,5,1522208042
60909762,5164432,7,1522207462
7.72246E+17,1485796,10,1522207345
3164766346,1392214,9,1522205163
2681928157,4489476,9,1522205094
22937771,62262,6,1522204868
124057852,482571,8,1522204040
67935120,5635086,9,1522204024
539775876,7227742,6,1522203976
16524119,1485796,6,1522203172
9.15531E+17,1853728,10,1522203163
90090667,2582784,7,1522202687
1058046386,2380307,9,1522202257
968074370,102926,9,1522202195
17709401,7153766,6,1522201731
66554820,1365519,7,1522201640
1072864962,5362988,7,1522201488
348779441,4163668,7,1522201172
334241131,405094,9,1522201058
4409447307,62229,10,1522200739
127757463,5931646,10,1522200414
8.48587E+17,6866334,8,1522200197
9.54439E+17,3320518,8,1522200121
3229108165,6467482,8,1522200094
7.3238E+17,6050236,8,1522199551
132848687,5580390,7,1522199386
7.07213E+17,4305148,8,1522198996
44864228,91042,7,1522198847
3004815997,1620680,6,1522198377
233262683,86250,10,1522198212
568338796,2261227,4,1522197332
7.61541E+17,1485796,9,1522196865
4257522316,6470478,9,1522196807
1196796494,5952350,10,1522196681
570917022,5304464,7,1522195961
306212712,6798422,10,1522195640
7.09867E+17,2393308,8,1522195155
9.59826E+17,5311514,9,1522194743
3745498034,53604,8,1522194389
287171675,6053948,5,1522194246
464521751,1485796,8,1522193977
267618495,101889,8,1522193973
531249931,1130884,9,1522193815
1301120142,6467482,8,1522193600
281217109,66921,8,1522191616
250572782,3881784,8,1522191549
503325732,2873282,8,1522191488
8.46412E+17,1909673,10,1522191401
355270723,1485796,9,1522191163
42742362,117894,5,1522190887
90090667,4799066,7,1522190444
2729591264,4925292,8,1522189951
420342053,2798920,5,1522189884
8.23642E+17,7808344,7,1522189688
149869496,54215,8,1522189383
334165818,6643540,7,1522188752
183310367,3748172,5,1522188331
3044580558,5323662,9,1522188128
368565408,6600720,8,1522187915
21206896,5649144,6,1522187533
737394133,1485796,8,1522187327
95929972,1137450,6,1522187290
37017446,2557478,3,1522187097
4556785402,460791,10,1522186755
330301436,4209788,6,1522186614
395680865,4765284,8,1522186262
70111593,5742374,9,1522186035
2319026936,4547194,7,1522186002
9.3837E+17,2380307,8,1522185804
1480538665,158714,10,1522185285
2183424946,6798422,10,1522185196
539775876,4172430,6,1522185123
7.45109E+17,6798422,10,1522185122
22473097,974015,7,1522185095
22473097,3381008,5,1522185069
7.84473E+17,3581932,9,1522184687
271467628,5104604,9,1522184333
2380599406,2106476,7,1522184092
7.53848E+17,266697,10,1522184009
499963817,5027774,8,1522183686
155931936,5360996,8,1522183414
216851977,6000478,7,1522183303
89428235,5117670,8,1522182790
2507762960,5294550,8,1522182236
7.29687E+17,974015,2,1522182156
7.99425E+17,3315342,9,1522182032
395912603,2527336,8,1522181950
358597069,6798422,10,1522181785
489921276,5029608,8,1522181603
2339027344,2557478,5,1522181571
229985772,6144672,10,1522181552
147405119,993846,10,1522181175
517061947,491175,4,1522180981
8.92009E+17,141842,10,1522180929
390337415,5866256,7,1522180718
2194037787,1485796,10,1522180683
406893591,5207754,7,1522180494
86427477,3262342,6,1522179601
217388894,1677720,8,1522179091
246370951,1365519,6,1522178684
594492917,6467482,8,1522178459
4220438932,1733367,9,1522178451
103903562,4933410,5,1522178390
491194309,5825380,5,1522178142
539775876,113855,5,1522178105
3092850218,1677720,8,1522178021
2803147154,1365519,7,1522177842
215155602,7889220,8,1522177172
522540374,5726086,7,1522177075
3213977458,5226378,7,1522176636
2565243030,425112,3,1522176468
808834136,1485796,10,1522176437
34999422,4209788,8,1522176121
234333468,5753856,7,1522176047
728856366,6333060,10,1522175902
7.09867E+17,1832382,9,1522175422
55856620,2404435,8,1522175299
55856620,3717490,7,1522175276
2201253550,6146408,9,1522175225
7.25381E+17,3901826,8,1522174849
533807874,274558,8,1522174610
259319291,5197860,9,1522174054
259319291,2873282,7,1522173965
259319291,2798920,8,1522173889
259319291,2390361,8,1522173861
259319291,1285009,6,1522173826
492401449,2283362,8,1522173255
406893591,5714396,9,1522173145
182422306,2873282,7,1522173144
95182505,86230,10,1522172656
197027936,98904,10,1522172611
229985772,8106538,8,1522172516
615310686,1078588,7,1522172472
23544265,120873,8,1522172155
2184088682,3810438,9,1522171514
123536907,5618256,8,1522171485
602019555,81505,10,1522170864
221617176,6297682,8,1522170833
49284833,981227,7,1522170567
1195161559,780504,8,1522169498
4220438932,1747077,8,1522168952
4220438932,1713725,8,1522168862
3293888646,1365519,4,1522168535
490457881,4686844,8,1522168104
35475803,903747,10,1522168056
604877306,465602,7,1522167925
53930437,4500922,5,1522167632
8.91892E+17,1485796,9,1522167599
402618961,1124035,5,1522167502
358503091,1322269,5,1522167343
358503091,2798920,8,1522167273
358503091,5027774,9,1522167173
358503091,5580390,5,1522167146
358503091,2283362,7,1522167126
309729335,2379713,5,1522167103
3165618368,119174,10,1522165947
3116365408,3315342,9,1522165780
1128646459,697660,10,1522165378
893226937,102926,9,1522164044
63696406,1485796,7,1522163544
268844871,974015,6,1522163472
93930099,3532216,8,1522163425
395251108,2294189,8,1522163396
268844871,2798920,7,1522163089
334976736,5294550,7,1522162631
259237066,2788432,8,1522162574
250711809,5095748,9,1522162139
250711809,5095742,8,1522162129
931276824,551419,10,1522162049
7.07213E+17,66516,5,1522161216
77883286,6028544,8,1522160497
77883286,6028542,7,1522160484
587796136,2873282,7,1522160059
29413015,2305051,8,1522159988
39797265,6958022,7,1522159929
3113540065,6225520,7,1522159359
9.3837E+17,1615065,8,1522159216
1386279391,5726086,1,1522159164
393447453,3758172,7,1522158510
58806549,399295,8,1522157885
15851471,364930,8,1522157336
1403388294,364930,8,1522157330
351904914,6337102,1,1522156965
2649665988,5349332,10,1522156246
38216367,391304,6,1522155057
219614631,2557478,1,1522154963
2957456792,2873282,9,1522154012
20243048,2873282,5,1522153222
20243048,5580036,8,1522153193
358495473,2798920,8,1522151710
8.18174E+17,4857264,8,1522151432
2393218646,4443974,3,1522151245
1492412479,434409,5,1522151072
117545526,6851508,8,1522150728
517061947,5362988,8,1522150673
58806549,257756,7,1522150334
2462476984,7885136,9,1522149929
7.45688E+17,4460878,8,1522149188
732152605,1485796,7,1522148461
2681928157,4489474,9,1522148156
153529508,47528,8,1522147348
2267679741,945513,9,1522146773
71984754,7153766,8,1522145820
898888866,5229638,10,1522145414
2681928157,4489472,10,1522145259
21206896,3501632,6,1522144729
39797265,90888,8,1522143404
8.46412E+17,4420110,8,1522142768
7.72246E+17,1469304,5,1522142474
2681928157,4443976,9,1522141320
1028269920,1485796,7,1522140783
53712770,2990836,8,1522137882
20594738,6958022,9,1522136336
220418231,7153766,5,1522135588
218421674,1485796,8,1522133317
387253060,1020072,8,1522133081
29176131,7063210,5,1522132775
21157148,2527336,8,1522132181
61262629,6958022,9,1522130180
3406291637,50083,9,1522130080
50743498,7238396,10,1522129775
3029664675,1677720,10,1522129108
61262629,1637725,7,1522128260
28759894,4513316,7,1522127438
611467244,1677720,6,1522125654
155993998,1038686,4,1522125585
517061947,5649144,6,1522125507
93930099,5689068,7,1522123394
620953,1935897,6,1522122562
326979450,5027774,8,1522121639
259829520,5362988,8,1522121602
334851349,1135084,6,1522120948
31220726,8127976,9,1522120741
47216493,5027774,8,1522120545
337473596,6866334,8,1522118924
31220726,6866334,8,1522118789
2194435111,2798920,7,1522118224
31220726,6560142,8,1522116470
130353272,2283362,10,1522115768
454381575,4925292,10,1522115729
67935120,5301662,9,1522115404
2380599406,3315342,7,1522115345
211561695,1187064,8,1522115241
1549284674,2283362,6,1522114455
269024534,62850,6,1522114223
3229108165,1179031,7,1522113992
1657161973,6318618,8,1522113702
1657161973,6050236,9,1522113669
44864228,52357,9,1522113094
1037623320,118971,8,1522113036
1549284674,3411444,7,1522112978
8.49776E+17,3659388,9,1522112596
3234502113,6227888,9,1522112327
356603656,974015,9,1522112253
608762905,4574334,9,1522111702
533238154,38650,10,1522111416
36077970,5580390,7,1522110292
8.02998E+17,974015,9,1522110073
348779441,4178092,8,1522109718
37017446,2056771,8,1522109643
1065439064,1205489,9,1522109506
9.15329E+17,1825683,8,1522109259
7.72062E+17,773262,10,1522109173
3200180328,137523,10,1522109037
493299111,1045658,9,1522108708
49284833,3707106,5,1522108579
2600524177,1856101,10,1522108560
45157085,5348176,9,1522108534
298566448,75686,9,1522108399
7.3238E+17,6318618,8,1522108281
7.33367E+17,3402236,8,1522108202
146219095,1093908,10,1522108151
47174889,2396589,9,1522108098
23098161,1211837,7,1522107842
480890995,1485796,9,1522107643
118190219,2380307,9,1522107059
8.41369E+17,816692,9,1522106876
359530862,1365519,5,1522106395
366993919,1485796,10,1522106183
991821326,2657296,9,1522106098
71667445,2557478,3,1522106088
126412831,5294550,7,1522106064
709327282,1117385,8,1522105819
2310495580,322330,6,1522105132
9.37782E+17,6337102,9,1522105016
3092850218,3154310,8,1522104144
3745498034,83987,5,1522104115
448019362,399095,5,1522103935
2699706155,6337102,6,1522103933
7.38284E+17,2380307,10,1522103904
106636156,3920596,8,1522103674
398658773,6040674,8,1522103368
20822781,6538034,8,1522103109
113482748,4925292,7,1522102197
45157085,1605717,7,1522101878
3173463026,1485796,9,1522101408
265468023,6955530,8,1522101302
126927898,154421,8,1522100521
126927898,342735,10,1522100501
1423496172,896872,6,1522100499
126927898,115751,10,1522100484
126927898,276919,10,1522100464
126927898,168629,8,1522100451
126927898,1527186,5,1522100435
126927898,870984,5,1522100417
126927898,808279,8,1522100385
126927898,119167,8,1522100368
126927898,1379182,9,1522100340
126927898,5715874,7,1522100321
3138321184,1072748,5,1522100307
21349590,5962210,7,1522100274
2157402916,451279,5,1522100211
2946251851,2425098,9,1522100180
126927898,3920596,9,1522100006
8.88038E+17,5104604,9,1522099855
390337415,6337102,7,1522099145
1547166151,5649144,6,1522098601
116840267,3011960,6,1522098554
86427477,4995790,8,1522098550
2161349213,6050236,9,1522098458
4409447307,40746,8,1522097839
237248738,1588170,6,1522097595
427097691,3521126,6,1522097498
427097691,5580036,5,1522097474
427097691,66819,7,1522097444
772471020,4524056,8,1522097387
7.71914E+17,1334260,10,1522097185
89428235,4179452,9,1522097084
271460518,6598024,7,1522097028
808834136,5649144,8,1522096737
20468785,3315342,9,1522096493
370481007,1130884,9,1522095718
449641757,4465564,5,1522095688
1407712418,1485796,10,1522095440
450480602,5304464,8,1522095354
135495859,4799050,6,1522095053
38503237,2283362,6,1522095045
4220438932,1713724,7,1522095006
7.29341E+17,5886440,6,1522094988
105852391,5027774,8,1522094660
87176646,6958022,8,1522094556
464572552,88763,11,1522093965
78541197,2873282,7,1522093896
561957154,5294550,7,1522093555
1594639362,5709230,10,1522092701
1616031097,1010048,8,1522092560
2442804428,107120,6,1522092135
7.53516E+17,1951261,8,1522091987
2201253550,6050236,9,1522091970
375045981,7392222,4,1522091622
9.3837E+17,1131724,9,1522091273
8.41703E+17,1131724,8,1522091270
390337415,6108106,7,1522091143
248270591,120917,10,1522090628
522540374,1485796,10,1522090592
406893591,5207750,7,1522090414
1306096704,1485796,10,1522090392
8.88038E+17,2873282,5,1522090330
711918406,6337102,1,1522090051
8.69237E+17,1798243,7,1522090046
306827014,3040964,6,1522090039
272601306,2283362,8,1522089993
401530520,5753856,8,1522089837
2159599304,5580540,10,1522089419
9.04148E+17,3920596,8,1522089295
1392660572,1365519,7,1522089229
517061947,2406566,7,1522089021
2246683035,1744244,8,1522088790
886779427,583626,10,1522087978
2201253550,6337102,8,1522087925
143425354,6503230,6,1522087793
143425354,4284010,7,1522087757
9.15531E+17,257044,8,1522087366
14147989,105322,3,1522087169
628363257,117913,8,1522086510
845515026,2283362,7,1522086329
4121173090,1520211,8,1522086057
615310686,2380307,6,1522085995
401428652,58450,7,1522085134
229985772,97366,5,1522084840
1649473255,2548208,10,1522084275
238617680,2692904,5,1522083645
578925761,2557478,6,1522083254
7.78651E+17,5753856,10,1522083190
562162009,5027774,7,1522083081
2565243030,3881784,7,1522082416
464572552,367279,10,1522082254
1306096704,2527336,7,1522082158
38216367,2357547,8,1522081978
7.8992E+17,5289354,9,1522081773
7.95984E+17,423866,9,1522081595
7.48773E+17,918927,9,1522081465
3059599272,2488496,10,1522081448
8.42833E+17,2085059,8,1522081327
8.46036E+17,3315342,10,1522080992
140510284,5294550,7,1522080900
355270723,1825683,9,1522080469
829520226,7057496,9,1522080447
829520226,5862312,6,1522080387
77883286,5812098,7,1522080004
77883286,5189904,8,1522079993
250711809,5095732,7,1522079938
182422306,2557478,5,1522079669
8.56922E+17,5726086,6,1522078739
7.4963E+17,2396589,8,1522078702
167810198,2557478,5,1522078498
167810198,3682448,8,1522078464
8.57652E+17,5726086,7,1522078332
8.17028E+17,3731562,7,1522078192
272147414,371724,6,1522076751
3182879910,5960350,10,1522075829
24678185,4468740,9,1522075810
4125044157,1228705,7,1522075798
250711809,5095730,10,1522075346
250711809,5083704,8,1522075330
7.31855E+17,1825683,7,1522074719
53930437,5649144,8,1522074656
540874615,3501632,10,1522074375
1016081797,1305806,10,1522073898
1547151583,6337102,10,1522073716
4220438932,1734289,8,1522073582
2246683035,1733025,8,1522073129
1386279391,2380307,5,1522073050
17286390,85426,5,1522072617
4220438932,1714453,8,1522072562
130116573,2873282,8,1522071572
8.62801E+17,7667104,9,1522070994
533807874,405159,10,1522070832
7.53516E+17,1411697,8,1522070814
7.69269E+17,2380307,9,1522070049
1416991741,54215,9,1522070000
1416991741,211915,8,1522069952
250711809,6050236,8,1522067208
250711809,6337102,7,1522067189
217885134,2557478,75,1522066719
2160938885,1959563,9,1522066245
8.61109E+17,6337102,9,1522066192
43349934,3729222,4,1522065656
7.49464E+17,6873658,4,1522064682
8.76254E+17,2582846,10,1522064458
486693182,86190,7,1522063957
172488585,3120698,10,1522063826
28759894,2291540,6,1522063176
2246683035,1732475,8,1522062715
384193736,2378507,6,1522062622
384193736,2798920,8,1522062592
3200180328,6337102,5,1522062547
2793296237,3289956,6,1522062468
384193736,2543472,7,1522062397
384193736,4649466,5,1522062343
2681928157,4427940,8,1522061141
127757463,4857264,9,1522059942
2201253550,7386416,9,1522058785
181562423,2531344,8,1522058744
7.13429E+17,3174376,8,1522058136
2681928157,4333228,9,1522057987
486693182,80684,8,1522055421
486693182,76759,8,1522055407
2894051132,195685,7,1522055279
7.68756E+17,3501632,9,1522054988
2374493255,1087578,10,1522054534
9.28005E+17,102587,10,1522053135
8.12028E+17,947798,10,1522052908
926330623,87233,8,1522052540
8.99043E+17,1365519,7,1522051142
455303490,6729080,7,1522050824
2958922748,2543472,9,1522050546
2992627346,2095246,10,1522050027
2467158952,6337102,9,1522049398
197127865,974015,7,1522049190
2310495580,1398426,5,1522049085
1048873477,2798920,6,1522048728
24089992,2568862,6,1522046487
130353272,3826866,8,1522045731
1240810410,4899370,7,1522045727
1480538665,51955,8,1522044636
1410263185,4622512,10,1522044236
118190219,1389072,7,1522044078
886906800,1485796,10,1522043851
2309308965,5294550,9,1522043179
326979450,5462602,8,1522043055
3164766346,2872718,10,1522042869
14070248,4824308,2,1522042253
431822977,335345,8,1522042048
36365247,5726616,7,1522039735
517061947,1615160,8,1522039669
16933097,4972582,9,1522039443
47174889,59742,8,1522038519
210676048,7967954,7,1522037097
494075486,217505,10,1522036453
494075486,3498820,9,1522036439
217885282,2557478,5,1522035524
186577118,3317234,7,1522035506
2207092457,119488,9,1522034845
31220726,3666024,9,1522033981
7.5346E+17,1485796,10,1522033910
376663233,1125849,8,1522033668
30863284,5618256,9,1522032627
303384618,0274166,5,1522986004
783034098,0765429,10,1522985903
19001599,2704998,9,1522985427
4610553696,2531344,7,1522985343
441707201,7629358,10,1522984680
206144706,6644200,8,1522984633
742887606652784644,6644200,10,1522983747
874726648058458114,2582802,9,1522983530
2841661915,1211837,7,1522983241
2210725957,2980516,9,1522982594
136863216,1267379,7,1522982351
2207092457,2283362,6,1522982346
21463821,6644200,8,1522982282
620953,6644200,10,1522981598
50933404,4555426,7,1522981381
50933404,1677720,7,1522981313
355343188,4924942,6,1522981117
2802237280,1590193,7,1522981098
146861274,5862312,5,1522980390
1182931890,6644200,9,1522980077
14238890,7167630,9,1522979917
563403949,0811080,10,1522979841
17240500,6712390,7,1522979580
2958922748,5294550,6,1522978855
3153335852,1485796,8,1522978632
756313561,1464763,2,1522978292
168733873,6644200,8,1522978262
348779441,2920808,6,1522978155
449641757,2543164,8,1522977923
136863216,0407658,7,1522977619
294681913,0974015,5,1522977233
717339133,0974015,5,1522977065
2181363131,1590193,7,1522976766
2181363131,3890160,6,1522976744
1480538665,0203605,8,1522976526
448777130,4857264,8,1522976500
3332050209,0414993,8,1522976416
387034994,2406566,7,1522976308
252256002,1211837,7,1522975835
302068086,5439796,7,1522975649
910097837001777153,0157016,9,1522975511
2900947754,3521126,8,1522974961
225166490,1485796,10,1522974942
912733205735907329,2024544,7,1522974901
277249668,1458169,10,1522974591
262092541,5776858,9,1522974317
66554820,0420293,5,1522973656
862801117499052032,7822380,9,1522973558
772471020,2283362,7,1522972879
601459385,1485796,8,1522972872
493836197,7468056,,1522972536
2833216837,0217869,8,1522972213
233251101,0328107,8,1522971951
4698327740,4925292,7,1522971230
4409447307,0086961,8,1522971139
2380599406,0119488,9,1522970907
3241239182,5776858,8,1522970869
355958993,0035446,10,1522970426
758038484787535873,1485796,9,1522970006
3345799105,5776858,9,1522969873
956398638191861760,5776858,10,1522969649
301886796,2873282,8,1522969536
26009607,5017936,3,1522969324
826459691605753856,0106364,8,1522969150
919790673120854017,6336356,10,1522969018
294681913,3501632,5,1522968977
46265146,1335975,10,1522968973
2201253550,1413492,7,1522968827
366453976,1637688,7,1522968800
2944309884,1615160,7,1522968722
24677595,4925292,7,1522968308
2210725957,2283362,8,1522968058
229454535,6684714,1,1522967878
757665385751674884,3859076,4,1522967697
784240308,2283362,8,1522967667
615855168,4972582,9,1522967468
2841661915,8181422,10,1522967215
3138321184,1677720,9,1522967150
4841511495,6048596,8,1522966928
4793867193,0078748,8,1522966767
1555946359,7085164,8,1522966591
400883750,1365519,5,1522966455
218209624,1620680,3,1522966335
185782674,7318202,9,1522966087
42590228,1677720,8,1522965989
344688035,6644200,3,1522965950
1201746288,2380307,10,1522965540
202364821,6776106,10,1522965451
50851165,2798920,1,1522965316
406893591,6225520,6,1522965253
1435329049,5580390,6,1522965054
206415385,5117670,6,1522965045
390337415,6118436,8,1522964923
2447125638,0209144,8,1522964793
97459712,1677720,8,1522964645
97459712,5783956,6,1522964619
499954030,6294822,7,1522964292
44567386,5022702,8,1522964127
543567293,1677720,9,1522964120
238617680,1563738,5,1522964069
432006210,5311514,10,1522963597
206415385,5117670,5,1522963345
127879288,1790809,4,1522963067
395680865,2283362,7,1522963024
3727395192,6644200,9,1522962957
576995601,0345549,5,1522962948
36988769,3168230,5,1522962456
390337415,6741958,8,1522962293
1480538665,0202604,10,1522961950
116840267,2417712,6,1522961423
618869547,1439629,6,1522960692
447602528,0083944,8,1522960457
82455134,1677720,6,1522960165
1899460658,5439796,5,1522959951
324238237,2798920,7,1522959876
229985772,1212428,6,1522959785
14147989,2872718,8,1522959743
908718291354611712,4991512,9,1522959550
2770057002,5715874,7,1522959508
2788393327,7318202,6,1522958830
1492412479,1392214,8,1522958767
470127387,0454921,9,1522958329
206415385,2194499,8,1522958180
3452872940,1677720,7,1522957717
3229108165,1092026,7,1522957683
53112945,6538034,4,1522957596
499954030,1413492,9,1522956792
375312066,5442430,6,1522956711
391287253,6644200,9,1522955977
754943148305051648,6644200,7,1522955851
86427477,1324055,7,1522955841
4604155042,6644200,9,1522955775
729319541185097729,1856101,10,1522955714
533807874,3829920,5,1522955682
814043690167627776,0068646,10,1522955208
334957216,0289043,7,1522954908
870703023797841922,1485796,9,1522954270
36077970,1413492,5,1522953469
938370365935570944,1182345,5,1522953280
103903562,4444438,7,1522953181
151918654,4834206,9,1522952914
3277375622,1590193,8,1522952787
14670794,1485796,7,1522952270
2291132413,2873282,8,1522951694
4125044157,0848228,8,1522951551
795983601649221632,2948356,6,1522951520
799161615409090560,5638056,7,1522951273
42242731,4686844,8,1522951214
38216367,5751998,7,1522950954
406893591,5714404,9,1522950540
13764002,0362270,8,1522950019
155217059,6468322,10,1522949927
993111104,6644200,9,1522949893
576995601,1156398,6,1522949567
127757463,0470752,9,1522948931
1613910386,5013056,10,1522947045
748773218853400576,6257970,8,1522946854
193018392,1677720,7,1522945365
1725333901,4649466,6,1522945234
3182813618,0959337,6,1522945168
1433495676,3464902,9,1522945087
250711809,0089767,7,1522944924
69589989,3402236,10,1522944858
717764059291103232,1825683,8,1522944114
210676048,5598110,8,1522944057
395680865,4799050,6,1522943146
821937117618208768,1853728,10,1522942989
259319291,6644200,9,1522942759
549344593,2543472,8,1522942736
732043766,0137523,2,1522940619
27103048,3692768,8,1522940412
116840267,0134119,6,1522940335
559381134,1683526,9,1522939336
536595419,1570728,5,1522939335
146861274,0120363,9,1522938432
1050920466,5390504,5,1522938241
250711809,6294822,6,1522936857
559381134,2278871,10,1522936801
2393218646,0099800,6,1522936255
559381134,0467406,8,1522935979
559381134,2582802,7,1522935943
27103048,5538078,8,1522935915
738283879698735104,0347149,8,1522935613
256582185,3486626,6,1522935276
310239134,6061074,8,1522934185
154492035,0790724,8,1522933986
915531184150630400,1798709,9,1522933746
1442406433,1677720,9,1522933695
360135583,1832382,10,1522933248
2359807730,6470762,6,1522933043
213891609,0120693,8,1522932456
912733205735907329,5186714,9,1522932262
52786445,5305246,6,1522932048
52786445,1492705,5,1522931982
533807874,1832382,10,1522930477
221498648,7167602,6,1522930391
704075141626634242,0458339,8,1522930375
578925761,2798920,7,1522930152
256582185,2025690,6,1522929420
2878489070,0072890,10,1522928981
116154122,0054861,5,1522928616
3195733970,7822380,10,1522928348
524400017,4901306,7,1522927884
127757463,5937294,10,1522927742
481333094,1590193,8,1522927505
956398638191861760,0104257,7,1522927268
2894051132,2060963,10,1522926664
518721594,3890160,8,1522926026
116840267,5442456,6,1522925246
369811128,4731136,6,1522924614
25574533,1590193,5,1522924169
21206896,0265086,7,1522923617
3382710927,5460658,8,1522923326
363434252,5460658,8,1522920048
952946636040400896,1798709,10,1522919417
99608783,2283362,7,1522918230
99608783,4765284,3,1522918206
99608783,4209788,8,1522918173
331484564,6644200,7,1522917977
808834136,4209788,9,1522916732
481836708,2879076,9,1522915396
390229039,0107302,10,1522915098
794325216369381376,3952222,10,1522913921
531249931,1798709,20,1522912850
131237849,4680182,7,1522911083
1823918413,1590193,6,1522910748
518721594,4468740,7,1522910217
17420708,1959563,6,1522909328
121693210,1485796,8,1522909035
121693210,1365519,6,1522909023
206838097,1677720,8,1522907843
740052092,7209626,7,1522907836
392219850,6900644,7,1522906279
2254771236,0118799,9,1522905761
21277420,3501632,8,1522905377
21277420,2527336,8,1522904763
32272478,6477430,9,1522904328
585795140,1677720,7,1522903860
937781745147052035,6686878,8,1522903545
184998791,2582802,10,1522902827